id,question,conditionId,slug,resolutionSource,endDate,startDate,image,icon,description,outcomes,outcomePrices,volume,active,closed,marketMakerAddress,createdAt,updatedAt,closedTime,new,featured,submitted_by,archived,resolvedBy,restricted,groupItemTitle,groupItemThreshold,questionID,umaEndDate,enableOrderBook,orderPriceMinTickSize,orderMinSize,umaResolutionStatus,volumeNum,endDateIso,startDateIso,hasReviewedDates,volume1wk,volume1mo,volume1yr,clobTokenIds,umaBond,umaReward,volume1wkClob,volume1moClob,volume1yrClob,volumeClob,acceptingOrders,negRisk,negRiskMarketID,negRiskRequestID,ready,funded,acceptingOrdersTimestamp,cyom,pagerDutyNotificationEnabled,approved,clobRewards,rewardsMinSize,rewardsMaxSpread,spread,automaticallyResolved,oneDayPriceChange,oneWeekPriceChange,oneMonthPriceChange,lastTradePrice,bestBid,bestAsk,automaticallyActive,clearBookOnStart,seriesColor,showGmpSeries,showGmpOutcome,manualActivation,negRiskOther,umaResolutionStatuses,pendingDeployment,deploying,deployingTimestamp,rfqEnabled,holdingRewardsEnabled,feesEnabled,requiresTranslation,feeType,macro_pillar,sub_category,specific_feature,total_volume_usd,customLiveness,oneHourPriceChange,gameStartTime,liquidity,liquidityNum,volume24hr,volume24hrClob,liquidityClob,competitive,volume1wkAmm,volume1moAmm,volume1yrAmm,oneYearPriceChange,makerBaseFee,takerBaseFee,feeSchedule,feature
526836,Will U.S. GDP growth be less than -2% in Q1 2025?,0x8f06703f4da804562fcf06cb66586b085c1481e0de836bcc244d2d4c30076428,will-us-gdp-growth-be-less-than-2-in-q1-2025,,2025-04-30 12:00:00+00:00,2025-03-04T17:15:53.897302Z,,,"This market will resolve according to the seasonally adjusted and annualized GDP ""Advance Estimate"" release for Q1 of 2025 scheduled for April 30, 2025.

If the reported value falls exactly between two brackets, then this market will resolve to the higher range bracket.

The GDP release will be made available here: https://www.bea.gov/data/gdp/gross-domestic-product

Note: data in the first available GDP report is labelled by the BEA as an ""Advance Estimate"". The data found in the advance estimate will be used to resolve this market. Data may be revised during the following quarter or as a part of the next estimate's publication, however any revisions to GDP report data made after the release of the advance estimate will not be considered for this market's resolution.
","[""Yes"", ""No""]","[""0"", ""1""]",162013.207461,True,True,,2025-03-04T16:56:35.748233Z,2025-05-01T16:20:34.124695Z,2025-04-30 17:18:20+00,False,False,0x91430CaD2d3975766499717fA0D66A78D814E5c5,False,0x2F5e3684cb1F318ec51b00Edba38d79Ac2c0aA9d,True,<-2%,5,0x4b0dd9cd9380d5f99bf0009a13b59e94ed82177ebccd21eea5366440a7fb7805,2025-04-30T17:18:20Z,True,0.001,5,resolved,162013.207461,2025-04-30,2025-03-04,True,42029.680735,109446.07852799995,162013.20746099993,"[""13155093818175202444360527925334190018613932058843989126713305952244158629050"", ""76006189013675324707012205250647039159293794374708342088949183026594680124438""]",500,5,42029.680735,109446.07852799995,162013.20746099993,162013.207461,False,True,0x4b0dd9cd9380d5f99bf0009a13b59e94ed82177ebccd21eea5366440a7fb7800,0x61fc84053e581123082af19cd6d0b6bd52feefa7c50638e158d874cdf36286ea,False,False,2025-03-04T17:14:46Z,False,False,True,,20,3.5,0.001,True,-0.116,-0.0625,-0.074,1.0,,0.001,True,True,,False,False,False,False,"[""proposed"", ""resolved""]",False,False,,False,False,False,False,,GDP_GROWTH,GDP_QUARTERLY,GDP_QUARTERLY,162013.207461,,,,,,,,,,,,,,,,,GDP_QUARTERLY
526834,Will U.S. GDP growth be between 0% and -1% in Q1 2025?,0x2ea580218093cbe4cd95c808920c4d5749683253d5ce452e8df7dbaf1faac224,will-us-gdp-growth-be-between-0-and-1-in-q1-2025,,2025-04-30 12:00:00+00:00,2025-03-04T17:15:24.984158Z,,,"This market will resolve according to the seasonally adjusted and annualized GDP ""Advance Estimate"" release for Q1 of 2025 scheduled for April 30, 2025.

If the reported value falls exactly between two brackets, then this market will resolve to the higher range bracket.

The GDP release will be made available here: https://www.bea.gov/data/gdp/gross-domestic-product

Note: data in the first available GDP report is labelled by the BEA as an ""Advance Estimate"". The data found in the advance estimate will be used to resolve this market. Data may be revised during the following quarter or as a part of the next estimate's publication, however any revisions to GDP report data made after the release of the advance estimate will not be considered for this market's resolution.
","[""Yes"", ""No""]","[""1"", ""0""]",74108.127123,True,True,,2025-03-04T16:56:35.053665Z,2025-05-02T00:22:34.831311Z,2025-04-30 17:18:16+00,False,False,0x91430CaD2d3975766499717fA0D66A78D814E5c5,False,0x2F5e3684cb1F318ec51b00Edba38d79Ac2c0aA9d,True,0% - (-1%),3,0x4b0dd9cd9380d5f99bf0009a13b59e94ed82177ebccd21eea5366440a7fb7803,2025-04-30T17:18:16Z,True,0.001,5,resolved,74108.127123,2025-04-30,2025-03-04,True,25735.47895300001,50639.397187,74108.127123,"[""27106151707930931052959874697308512654778909464122189550271900351819241356101"", ""113306687013421453951560693556685913785982988558098815734447806767172274744881""]",500,5,25735.47895300001,50639.397187,74108.127123,74108.127123,False,True,0x4b0dd9cd9380d5f99bf0009a13b59e94ed82177ebccd21eea5366440a7fb7800,0x6ba9894205f449d343132cfb9db61c3ae4a0b8f77156f1b703ae27c661796900,False,False,2025-03-04T17:14:16Z,False,False,True,,20,3.5,0.001,True,0.8445,0.8695,0.7645,1.0,0.999,1.0,True,True,,False,False,False,False,"[""proposed"", ""resolved""]",False,False,,False,False,False,False,,GDP_GROWTH,GDP_QUARTERLY,GDP_QUARTERLY,74108.127123,,,,,,,,,,,,,,,,,GDP_QUARTERLY
526831,Will U.S. GDP growth be greater than 2% in Q1 2025?,0xb93d06094398583af003c0f2b3319e4cf2f080fb1e304aadfccbc870600751e0,will-us-gdp-growth-be-greater-than-2-in-q1-2025,,2025-04-30 12:00:00+00:00,2025-03-04T17:13:44.938314Z,,,"This market will resolve according to the seasonally adjusted and annualized GDP ""Advance Estimate"" release for Q1 of 2025 scheduled for April 30, 2025.

If the reported value falls exactly between two brackets, then this market will resolve to the higher range bracket.

The GDP release will be made available here: https://www.bea.gov/data/gdp/gross-domestic-product

Note: data in the first available GDP report is labelled by the BEA as an ""Advance Estimate"". The data found in the advance estimate will be used to resolve this market. Data may be revised during the following quarter or as a part of the next estimate's publication, however any revisions to GDP report data made after the release of the advance estimate will not be considered for this market's resolution.
","[""Yes"", ""No""]","[""0"", ""1""]",99755.99141,True,True,,2025-03-04T16:56:33.765104Z,2025-05-01T16:20:34.079669Z,2025-04-30 17:18:18+00,False,False,0x91430CaD2d3975766499717fA0D66A78D814E5c5,False,0x2F5e3684cb1F318ec51b00Edba38d79Ac2c0aA9d,True,>2%,0,0x4b0dd9cd9380d5f99bf0009a13b59e94ed82177ebccd21eea5366440a7fb7800,2025-04-30T17:18:18Z,True,0.001,5,resolved,99755.99141,2025-04-30,2025-03-04,True,38983.45416800001,79670.19252300002,99755.99141000002,"[""71909278353124916267737117046527293852607983611227311183269026331693808454218"", ""62566693965025623495264329625426641692129320547907655518154518104042379009989""]",500,5,38983.45416800001,79670.19252300002,99755.99141000002,99755.99141,False,True,0x4b0dd9cd9380d5f99bf0009a13b59e94ed82177ebccd21eea5366440a7fb7800,0x664b30a4ae9f59fa293519a8ae9d87fa5fea54aa2460b69bc4a200f3171b3675,False,False,2025-03-04T17:12:06Z,False,False,True,,20,3.5,0.001,True,-0.0445,-0.093,-0.0945,1.0,,0.001,True,True,,False,False,False,False,"[""proposed"", ""resolved""]",False,False,,False,False,False,False,,GDP_GROWTH,GDP_QUARTERLY,GDP_QUARTERLY,99755.99141,,,,,,,,,,,,,,,,,GDP_QUARTERLY
526832,Will U.S. GDP growth be between 2% and 1% in Q1 2025?,0xb14bbfde1f4fc2b37b16e0814f435e983fe971aa7a5f897693d828dba3fb6917,will-us-gdp-growth-be-between-2-and-1-in-q1-2025,,2025-04-30 12:00:00+00:00,2025-03-04T17:14:08.837134Z,,,"This market will resolve according to the seasonally adjusted and annualized GDP ""Advance Estimate"" release for Q1 of 2025 scheduled for April 30, 2025.

If the reported value falls exactly between two brackets, then this market will resolve to the higher range bracket.

The GDP release will be made available here: https://www.bea.gov/data/gdp/gross-domestic-product

Note: data in the first available GDP report is labelled by the BEA as an ""Advance Estimate"". The data found in the advance estimate will be used to resolve this market. Data may be revised during the following quarter or as a part of the next estimate's publication, however any revisions to GDP report data made after the release of the advance estimate will not be considered for this market's resolution.
","[""Yes"", ""No""]","[""0"", ""1""]",92949.409877,True,True,,2025-03-04T16:56:34.27517Z,2025-05-02T00:22:34.364429Z,2025-04-30 17:18:18+00,False,False,0x91430CaD2d3975766499717fA0D66A78D814E5c5,False,0x2F5e3684cb1F318ec51b00Edba38d79Ac2c0aA9d,True,2% - 1%,1,0x4b0dd9cd9380d5f99bf0009a13b59e94ed82177ebccd21eea5366440a7fb7801,2025-04-30T17:18:18Z,True,0.001,5,resolved,92949.409877,2025-04-30,2025-03-04,True,31440.95895599999,76761.595122,92949.409877,"[""4177823317276762907725150501516012098729910922296855501022008386506967954193"", ""55475924097218767691878688792295596155985793893102196188820748328386689614521""]",500,5,31440.95895599999,76761.595122,92949.409877,92949.409877,False,True,0x4b0dd9cd9380d5f99bf0009a13b59e94ed82177ebccd21eea5366440a7fb7800,0x1172d6bb5aed954f9d374756b6c2c1ce4310e8903c195bebcbad5cb6d303a002,False,False,2025-03-04T17:12:28Z,False,False,True,,20,3.5,0.001,True,-0.0945,-0.1745,-0.2395,1.0,,0.001,True,True,,False,False,False,False,"[""proposed"", ""resolved""]",False,False,,False,False,False,False,,GDP_GROWTH,GDP_QUARTERLY,GDP_QUARTERLY,92949.409877,,,,,,,,,,,,,,,,,GDP_QUARTERLY
526833,Will U.S. GDP growth be between 1% and 0% in Q1 2025?,0x7aaef4800c8b05472367f57ad830b80a6d17066dfbb185e3938cc28e1b41ff53,will-us-gdp-growth-be-between-1-and-0-in-q1-2025,,2025-04-30 12:00:00+00:00,2025-03-04T17:14:54.828202Z,,,"This market will resolve according to the seasonally adjusted and annualized GDP ""Advance Estimate"" release for Q1 of 2025 scheduled for April 30, 2025.

If the reported value falls exactly between two brackets, then this market will resolve to the higher range bracket.

The GDP release will be made available here: https://www.bea.gov/data/gdp/gross-domestic-product

Note: data in the first available GDP report is labelled by the BEA as an ""Advance Estimate"". The data found in the advance estimate will be used to resolve this market. Data may be revised during the following quarter or as a part of the next estimate's publication, however any revisions to GDP report data made after the release of the advance estimate will not be considered for this market's resolution.
","[""Yes"", ""No""]","[""0"", ""1""]",80448.13308,True,True,,2025-03-04T16:56:34.625435Z,2025-05-01T16:20:34.105271Z,2025-04-30 17:18:14+00,False,False,0x91430CaD2d3975766499717fA0D66A78D814E5c5,False,0x2F5e3684cb1F318ec51b00Edba38d79Ac2c0aA9d,True,1% - 0%,2,0x4b0dd9cd9380d5f99bf0009a13b59e94ed82177ebccd21eea5366440a7fb7802,2025-04-30T17:18:14Z,True,0.001,5,resolved,80448.13308,2025-04-30,2025-03-04,True,30689.36373000001,67989.25469899998,80448.13308,"[""55596074298199271985305200460461737258363932660394912787890724100977178094588"", ""53864537276825186976120072697523449952954818811017389115772532055901138350915""]",500,5,30689.36373000001,67989.25469899998,80448.13308,80448.13308,False,True,0x4b0dd9cd9380d5f99bf0009a13b59e94ed82177ebccd21eea5366440a7fb7800,0x404bf7e6a579925a36a32ef1ec6e821e535fa6f0bae74da1a3b6b6bc14aff372,False,False,2025-03-04T17:13:46Z,False,False,True,,20,3.5,0.001,True,-0.1495,-0.4445,-0.2445,1.0,,0.001,True,True,,False,False,False,False,"[""proposed"", ""resolved""]",False,False,,False,False,False,False,,GDP_GROWTH,GDP_QUARTERLY,GDP_QUARTERLY,80448.13308,,,,,,,,,,,,,,,,,GDP_QUARTERLY
526835,Will U.S. GDP growth be between -1% and -2% in Q1 2025?,0x9e56ea69b66119a0d9912ccb6f36df86541486d9ab68b90548b9f795c5b3eb74,will-us-gdp-growth-be-between-1-and-2-in-q1-2025,,2025-04-30 12:00:00+00:00,2025-03-04T17:15:44.1679Z,,,"This market will resolve according to the seasonally adjusted and annualized GDP ""Advance Estimate"" release for Q1 of 2025 scheduled for April 30, 2025.

If the reported value falls exactly between two brackets, then this market will resolve to the higher range bracket.

The GDP release will be made available here: https://www.bea.gov/data/gdp/gross-domestic-product

Note: data in the first available GDP report is labelled by the BEA as an ""Advance Estimate"". The data found in the advance estimate will be used to resolve this market. Data may be revised during the following quarter or as a part of the next estimate's publication, however any revisions to GDP report data made after the release of the advance estimate will not be considered for this market's resolution.
","[""Yes"", ""No""]","[""0"", ""1""]",80917.712504,True,True,,2025-03-04T16:56:35.413253Z,2025-05-01T16:20:33.941989Z,2025-04-30 17:18:16+00,False,False,0x91430CaD2d3975766499717fA0D66A78D814E5c5,False,0x2F5e3684cb1F318ec51b00Edba38d79Ac2c0aA9d,True,-1% - (-2%),4,0x4b0dd9cd9380d5f99bf0009a13b59e94ed82177ebccd21eea5366440a7fb7804,2025-04-30T17:18:16Z,True,0.001,5,resolved,80917.712504,2025-04-30,2025-03-04,True,21820.382921,52178.941824,80917.71250399998,"[""6186415556533433032986186038765651326685095003400859613864272546046726812111"", ""13173751438178280696186957586593921186029094395370222703856774715324548809993""]",500,5,21820.382921,52178.941824,80917.71250399998,80917.712504,False,True,0x4b0dd9cd9380d5f99bf0009a13b59e94ed82177ebccd21eea5366440a7fb7800,0x9f11f80f43816cb195b2bd66c08b8cd3b1631cdd0a4c6cc1e3b3a00bfdf5ef36,False,False,2025-03-04T17:14:36Z,False,False,True,,20,3.5,0.001,True,-0.435,-0.082,-0.1045,1.0,,0.001,True,True,,False,False,False,False,"[""proposed"", ""resolved""]",False,False,,False,False,False,False,,GDP_GROWTH,GDP_QUARTERLY,GDP_QUARTERLY,80917.712504,,,,,,,,,,,,,,,,,GDP_QUARTERLY
540475,Will US GDP growth in Q2 2025 be between 0% and -1%?,0x0077857a1825c2e441cb0d8e4259ed6d1ff97c68ea1d5b5dec16bb67182a5725,will-us-gdp-growth-in-q2-2025-be-between-0-and-1,,2025-06-30 12:00:00+00:00,2025-04-30T20:18:51.659216Z,https://polymarket-upload.s3.us-east-2.amazonaws.com/bea.png,https://polymarket-upload.s3.us-east-2.amazonaws.com/bea.png,"This market will resolve according to the seasonally adjusted and annualized GDP ""Advance Estimate"" release for Q2 of 2025 scheduled for July 30, 2025.

If the reported value falls exactly between two brackets, then this market will resolve to the higher range bracket.

The GDP release will be made available here: https://www.bea.gov/data/gdp/gross-domestic-product

Note: data in the first available GDP report is labelled by the BEA as an ""Advance Estimate"". The data found in the advance estimate will be used to resolve this market. Data may be revised during the following quarter or as a part of the next estimate's publication, however any revisions to GDP report data made after the release of the advance estimate will not be considered for this market's resolution.","[""Yes"", ""No""]","[""0"", ""1""]",453181.221211,True,True,,2025-04-30T19:49:20.498031Z,2025-07-31T16:40:41.406713Z,2025-07-30 17:49:05+00,False,False,0x91430CaD2d3975766499717fA0D66A78D814E5c5,False,0x2F5e3684cb1F318ec51b00Edba38d79Ac2c0aA9d,True,0-(-1%),3,0x0eec90497327afa927e68bddf211d07773ce05ee1f1bd7bc76efaf2449009803,2025-07-30T17:49:05Z,True,0.001,5,resolved,453181.221211,2025-06-30,2025-04-30,True,37577.63883900001,244504.30783799992,453181.22121100005,"[""96202625653906430378867361689706212617229943283867429841741725604938858082826"", ""37636213609300526219596213164227943723332122770833255693719545739331941551340""]",500,5,37577.63883900001,244504.30783799992,453181.22121100005,453181.221211,False,True,0x0eec90497327afa927e68bddf211d07773ce05ee1f1bd7bc76efaf2449009800,0x2d92280a9cd207b4eb6cf6c62fc491fdf41ef9dae38aa49e31502c5b2f8d6c07,False,False,2025-04-30T20:17:42Z,False,False,True,"[{'id': '22355', 'conditionId': '0x0077857a1825c2e441cb0d8e4259ed6d1ff97c68ea1d5b5dec16bb67182a5725', 'assetAddress': '0x2791Bca1f2de4661ED88A30C99A7a9449Aa84174', 'rewardsAmount': 0, 'rewardsDailyRate': 2, 'startDate': '2025-04-30', 'endDate': '2500-12-31'}]",50,3.5,0.001,True,-0.0035,-0.0045,-0.0115,1.0,,0.001,True,True,,False,False,False,False,"[""proposed"", ""resolved""]",False,False,2025-04-30T20:13:10.203515Z,False,False,False,False,,GDP_GROWTH,GDP_QUARTERLY,GDP_QUARTERLY,453181.221211,,,,,,,,,,,,,,,,,GDP_QUARTERLY
540473,Will US GDP growth in Q2 2025 be between 2% and 1%?,0x1567abf0b9cb1bde9fe5f148548fc33fa107861b6ad6c6248792ec4d50178805,will-us-gdp-growth-in-q2-2025-be-between-2-and-1,,2025-06-30 12:00:00+00:00,2025-04-30T20:18:31.400434Z,https://polymarket-upload.s3.us-east-2.amazonaws.com/bea.png,https://polymarket-upload.s3.us-east-2.amazonaws.com/bea.png,"This market will resolve according to the seasonally adjusted and annualized GDP ""Advance Estimate"" release for Q2 of 2025 scheduled for July 30, 2025.

If the reported value falls exactly between two brackets, then this market will resolve to the higher range bracket.

The GDP release will be made available here: https://www.bea.gov/data/gdp/gross-domestic-product

Note: data in the first available GDP report is labelled by the BEA as an ""Advance Estimate"". The data found in the advance estimate will be used to resolve this market. Data may be revised during the following quarter or as a part of the next estimate's publication, however any revisions to GDP report data made after the release of the advance estimate will not be considered for this market's resolution.","[""Yes"", ""No""]","[""0"", ""1""]",221593.69101,True,True,,2025-04-30T19:49:19.024334Z,2025-07-31T16:40:50.736124Z,2025-07-30 17:49:05+00,False,False,0x91430CaD2d3975766499717fA0D66A78D814E5c5,False,0x2F5e3684cb1F318ec51b00Edba38d79Ac2c0aA9d,True,2-1%,1,0x0eec90497327afa927e68bddf211d07773ce05ee1f1bd7bc76efaf2449009801,2025-07-30T17:49:05Z,True,0.001,5,resolved,221593.69101,2025-06-30,2025-04-30,True,14505.165205,68494.11422899998,221593.69101,"[""66310149849193637449620117019218583210400479811435877977862163988057694550489"", ""58507403966292268534597329590271355540159770962288661184590984742044558273001""]",500,5,14505.165205,68494.11422899998,221593.69101,221593.69101,False,True,0x0eec90497327afa927e68bddf211d07773ce05ee1f1bd7bc76efaf2449009800,0x8335b728396941976f4a5672fe1892c391c6b6d8454b4b7760d824342fb7989d,False,False,2025-04-30T20:17:22Z,False,False,True,"[{'id': '22357', 'conditionId': '0x1567abf0b9cb1bde9fe5f148548fc33fa107861b6ad6c6248792ec4d50178805', 'assetAddress': '0x2791Bca1f2de4661ED88A30C99A7a9449Aa84174', 'rewardsAmount': 0, 'rewardsDailyRate': 5, 'startDate': '2025-04-30', 'endDate': '2500-12-31'}]",100,3.5,0.001,True,-0.0845,-0.1445,-0.2645,1.0,,0.001,True,True,,False,False,False,False,"[""proposed"", ""resolved""]",False,False,2025-04-30T20:13:10.201353Z,False,False,False,False,,GDP_GROWTH,GDP_QUARTERLY,GDP_QUARTERLY,221593.69101,,,,,,,,,,,,,,,,,GDP_QUARTERLY
540477,Will US GDP growth in Q2 2025 be less than 2%?,0x67d0872435cb3ed0e7c135e24fdba3926477f78e603bc3dd9d4877095825a5f1,will-us-gdp-growth-in-q2-2025-be-less-than-2,,2025-06-30 12:00:00+00:00,2025-04-30T20:18:51.664503Z,https://polymarket-upload.s3.us-east-2.amazonaws.com/bea.png,https://polymarket-upload.s3.us-east-2.amazonaws.com/bea.png,"This market will resolve according to the seasonally adjusted and annualized GDP ""Advance Estimate"" release for Q2 of 2025 scheduled for July 30, 2025.

If the reported value falls exactly between two brackets, then this market will resolve to the higher range bracket.

The GDP release will be made available here: https://www.bea.gov/data/gdp/gross-domestic-product

Note: data in the first available GDP report is labelled by the BEA as an ""Advance Estimate"". The data found in the advance estimate will be used to resolve this market. Data may be revised during the following quarter or as a part of the next estimate's publication, however any revisions to GDP report data made after the release of the advance estimate will not be considered for this market's resolution.","[""Yes"", ""No""]","[""0"", ""1""]",257405.343955,True,True,,2025-04-30T19:49:21.970956Z,2025-08-01T00:51:45.298986Z,2025-07-30 17:45:01+00,False,False,0x91430CaD2d3975766499717fA0D66A78D814E5c5,False,0x2F5e3684cb1F318ec51b00Edba38d79Ac2c0aA9d,True,<-2%,5,0x0eec90497327afa927e68bddf211d07773ce05ee1f1bd7bc76efaf2449009805,2025-07-30T17:45:01Z,True,0.001,5,resolved,257405.343955,2025-06-30,2025-04-30,True,9370.056981,117196.488594,257405.34395499996,"[""56318906529398229645379298427733885493908437465961300913191750862970164167"", ""11353666036096089411675876747457812215954338868252043778397740373935458953494""]",500,5,9370.056981,117196.488594,257405.34395499996,257405.343955,False,True,0x0eec90497327afa927e68bddf211d07773ce05ee1f1bd7bc76efaf2449009800,0xd2cf2f70a3073674bd723d2a526eb8d722d75400f70922bc321891cd1ba81e99,False,False,2025-04-30T20:17:44Z,False,False,True,"[{'id': '30171', 'conditionId': '0x67d0872435cb3ed0e7c135e24fdba3926477f78e603bc3dd9d4877095825a5f1', 'assetAddress': '0x2791Bca1f2de4661ED88A30C99A7a9449Aa84174', 'rewardsAmount': 0, 'rewardsDailyRate': 1, 'startDate': '2025-07-29', 'endDate': '2500-12-31'}]",50,3.5,0.001,True,,-0.002,-0.005,1.0,,0.001,True,True,,False,False,False,False,"[""proposed"", ""resolved""]",False,False,2025-04-30T20:13:10.205534Z,False,False,False,False,,GDP_GROWTH,GDP_QUARTERLY,GDP_QUARTERLY,257405.343955,,,,,,,,,,,,,,,,,GDP_QUARTERLY
540476,Will US GDP growth in Q2 2025 be between -1% and -2%?,0x056922c3d59d4bc1e9897635dba92a7bb9d49418b5ab3681aaeff3b96e996749,will-us-gdp-growth-in-q2-2025-be-between-1-and-2,,2025-06-30 12:00:00+00:00,2025-04-30T20:18:51.655713Z,https://polymarket-upload.s3.us-east-2.amazonaws.com/bea.png,https://polymarket-upload.s3.us-east-2.amazonaws.com/bea.png,"This market will resolve according to the seasonally adjusted and annualized GDP ""Advance Estimate"" release for Q2 of 2025 scheduled for July 30, 2025.

If the reported value falls exactly between two brackets, then this market will resolve to the higher range bracket.

The GDP release will be made available here: https://www.bea.gov/data/gdp/gross-domestic-product

Note: data in the first available GDP report is labelled by the BEA as an ""Advance Estimate"". The data found in the advance estimate will be used to resolve this market. Data may be revised during the following quarter or as a part of the next estimate's publication, however any revisions to GDP report data made after the release of the advance estimate will not be considered for this market's resolution.","[""Yes"", ""No""]","[""0"", ""1""]",274453.259876,True,True,,2025-04-30T19:49:21.229586Z,2025-07-31T16:42:29.809299Z,2025-07-30 17:50:13+00,False,False,0x91430CaD2d3975766499717fA0D66A78D814E5c5,False,0x2F5e3684cb1F318ec51b00Edba38d79Ac2c0aA9d,True,-1-(-2%),4,0x0eec90497327afa927e68bddf211d07773ce05ee1f1bd7bc76efaf2449009804,2025-07-30T17:50:13Z,True,0.001,5,resolved,274453.259876,2025-06-30,2025-04-30,True,18144.591491,122203.87527099998,274453.259876,"[""10646203006551639975048739791165622578632745718982079337464219271455534930663"", ""7660056075145528638862142914829528479457738227414491195221257163147088499663""]",500,5,18144.591491,122203.87527099998,274453.259876,274453.259876,False,True,0x0eec90497327afa927e68bddf211d07773ce05ee1f1bd7bc76efaf2449009800,0xbc3f6cd0ccfc9f7f1b260f93d36d462f40c1735e8606e94eb4b4645f9ee04566,False,False,2025-04-30T20:17:44Z,False,False,True,"[{'id': '30166', 'conditionId': '0x056922c3d59d4bc1e9897635dba92a7bb9d49418b5ab3681aaeff3b96e996749', 'assetAddress': '0x2791Bca1f2de4661ED88A30C99A7a9449Aa84174', 'rewardsAmount': 0, 'rewardsDailyRate': 1, 'startDate': '2025-07-29', 'endDate': '2500-12-31'}]",50,3.5,0.001,True,-0.002,-0.002,-0.0115,1.0,,0.001,True,True,,False,False,False,False,"[""proposed"", ""resolved""]",False,False,2025-04-30T20:13:10.204551Z,False,False,False,False,,GDP_GROWTH,GDP_QUARTERLY,GDP_QUARTERLY,274453.259876,,,,,,,,,,,,,,,,,GDP_QUARTERLY
540472,Will US GDP growth in Q2 2025 be greater than 2%?,0x52dde4a6bf4493e06461504e2651dc090b0e11bcdc6d486f727b0272d8e8880e,will-us-gdp-growth-in-q2-2025-be-greater-than-2,,2025-06-30 12:00:00+00:00,2025-04-30T20:17:50.971422Z,https://polymarket-upload.s3.us-east-2.amazonaws.com/bea.png,https://polymarket-upload.s3.us-east-2.amazonaws.com/bea.png,"This market will resolve according to the seasonally adjusted and annualized GDP ""Advance Estimate"" release for Q2 of 2025 scheduled for July 30, 2025.

If the reported value falls exactly between two brackets, then this market will resolve to the higher range bracket.

The GDP release will be made available here: https://www.bea.gov/data/gdp/gross-domestic-product

Note: data in the first available GDP report is labelled by the BEA as an ""Advance Estimate"". The data found in the advance estimate will be used to resolve this market. Data may be revised during the following quarter or as a part of the next estimate's publication, however any revisions to GDP report data made after the release of the advance estimate will not be considered for this market's resolution.","[""Yes"", ""No""]","[""1"", ""0""]",586031.718861,True,True,,2025-04-30T19:49:18.299878Z,2025-08-01T00:49:56.073935Z,2025-07-30 17:48:07+00,False,False,0x91430CaD2d3975766499717fA0D66A78D814E5c5,False,0x2F5e3684cb1F318ec51b00Edba38d79Ac2c0aA9d,True,>2%,0,0x0eec90497327afa927e68bddf211d07773ce05ee1f1bd7bc76efaf2449009800,2025-07-30T17:48:07Z,True,0.001,5,resolved,586031.718861,2025-06-30,2025-04-30,True,59957.742981,162228.98545699997,586031.7188609984,"[""74224518749811314301285135687839324392485461011072658977862741818030430857562"", ""82013943536347757073634190902922424052281140663282123243721506529069855164482""]",500,5,59957.742981,162228.98545699997,586031.7188609984,586031.718861,False,True,0x0eec90497327afa927e68bddf211d07773ce05ee1f1bd7bc76efaf2449009800,0x18a902daf6fdebce41071c3936ad184fe01d230e5038ccc4aa553c9c448f7fd6,False,False,2025-04-30T20:16:42Z,False,False,True,"[{'id': '22358', 'conditionId': '0x52dde4a6bf4493e06461504e2651dc090b0e11bcdc6d486f727b0272d8e8880e', 'assetAddress': '0x2791Bca1f2de4661ED88A30C99A7a9449Aa84174', 'rewardsAmount': 0, 'rewardsDailyRate': 5, 'startDate': '2025-04-30', 'endDate': '2500-12-31'}]",100,3.5,0.001,True,0.1045,0.1845,0.3345,1.0,0.999,1.0,True,True,,False,False,False,False,"[""proposed"", ""resolved""]",False,False,2025-04-30T20:13:10.199399Z,False,False,False,False,,GDP_GROWTH,GDP_QUARTERLY,GDP_QUARTERLY,586031.718861,,,,,,,,,,,,,,,,,GDP_QUARTERLY
540474,Will US GDP growth in Q2 2025 be between 1% and 0%?,0x7e964d8edfe37d013acc7ced33feb0bbbe55ac30847a74e9bf85b8e083dd49f3,will-us-gdp-growth-in-q2-2025-be-between-1-and-0,,2025-06-30 12:00:00+00:00,2025-04-30T20:18:51.661754Z,https://polymarket-upload.s3.us-east-2.amazonaws.com/bea.png,https://polymarket-upload.s3.us-east-2.amazonaws.com/bea.png,"This market will resolve according to the seasonally adjusted and annualized GDP ""Advance Estimate"" release for Q2 of 2025 scheduled for July 30, 2025.

If the reported value falls exactly between two brackets, then this market will resolve to the higher range bracket.

The GDP release will be made available here: https://www.bea.gov/data/gdp/gross-domestic-product

Note: data in the first available GDP report is labelled by the BEA as an ""Advance Estimate"". The data found in the advance estimate will be used to resolve this market. Data may be revised during the following quarter or as a part of the next estimate's publication, however any revisions to GDP report data made after the release of the advance estimate will not be considered for this market's resolution.","[""Yes"", ""No""]","[""0"", ""1""]",303645.559549,True,True,,2025-04-30T19:49:19.779977Z,2025-07-31T16:40:50.737325Z,2025-07-30 17:51:07+00,False,False,0x91430CaD2d3975766499717fA0D66A78D814E5c5,False,0x2F5e3684cb1F318ec51b00Edba38d79Ac2c0aA9d,True,1-0%,2,0x0eec90497327afa927e68bddf211d07773ce05ee1f1bd7bc76efaf2449009802,2025-07-30T17:51:07Z,True,0.001,5,resolved,303645.559549,2025-06-30,2025-04-30,True,42733.891433,129339.15138799998,303645.5595489998,"[""57561562108130306263644825793548382313538070573502746212885872655955032166754"", ""48886753365266062066114483520981485495268984232547009207490446764484512674790""]",500,5,42733.891433,129339.15138799998,303645.5595489998,303645.559549,False,True,0x0eec90497327afa927e68bddf211d07773ce05ee1f1bd7bc76efaf2449009800,0x0ec9c7fcae7a52f2e8dfb86adc1fc8db3bfa148f6afa2b2717f05b87df09b6e5,False,False,2025-04-30T20:17:42Z,False,False,True,"[{'id': '22356', 'conditionId': '0x7e964d8edfe37d013acc7ced33feb0bbbe55ac30847a74e9bf85b8e083dd49f3', 'assetAddress': '0x2791Bca1f2de4661ED88A30C99A7a9449Aa84174', 'rewardsAmount': 0, 'rewardsDailyRate': 5, 'startDate': '2025-04-30', 'endDate': '2500-12-31'}]",100,3.5,0.001,True,-0.0145,-0.0125,-0.0475,1.0,,0.001,True,True,,False,False,False,False,"[""proposed"", ""resolved""]",False,False,2025-04-30T20:13:10.202564Z,False,False,False,False,,GDP_GROWTH,GDP_QUARTERLY,GDP_QUARTERLY,303645.559549,,,,,,,,,,,,,,,,,GDP_QUARTERLY
569193,Will US GDP growth in Q2 2025 be less than 1.5%?,0xb7902810ee1c62b7b56afe9d601b51cee687383384a0e5876c74ac5ac1be836c,will-us-gdp-growth-in-q2-2025-be-less-than-1pt5,,2025-07-30 00:00:00+00:00,2025-07-28T16:58:11.691026Z,https://polymarket-upload.s3.us-east-2.amazonaws.com/bea.png,https://polymarket-upload.s3.us-east-2.amazonaws.com/bea.png,"This market will resolve according to the seasonally adjusted and annualized GDP ""Advance Estimate"" release for Q2 of 2025 scheduled for July 30, 2025.

If the reported value falls exactly between two brackets, then this market will resolve to the higher range bracket.

The GDP release will be made available here: https://www.bea.gov/data/gdp/gross-domestic-product

Note: data in the first available GDP report is labelled by the BEA as an ""Advance Estimate"". The data found in the advance estimate will be used to resolve this market. Data may be revised during the following quarter or as a part of the next estimate's publication, however any revisions to GDP report data made after the release of the advance estimate will not be considered for this market's resolution.","[""Yes"", ""No""]","[""0"", ""1""]",7060.40893,True,True,,2025-07-28T14:27:44.368834Z,2025-08-01T00:51:39.750055Z,2025-07-30 17:45:59+00,False,False,0x91430CaD2d3975766499717fA0D66A78D814E5c5,False,0x2F5e3684cb1F318ec51b00Edba38d79Ac2c0aA9d,True,<1.5%,0,0xd842cafe7f9d1f13ec590b5796e303d051f34614f0dc538a178c41cabadab500,2025-07-30T17:45:59Z,True,0.001,5,resolved,7060.40893,2025-07-30,2025-07-28,True,7060.408930000001,7060.408930000001,7060.408930000001,"[""100624552648754620049418826289755541912149894801272614372828020954593078594337"", ""101024816141491077070905952640333380094292903446277864256927196312793947468873""]",500,5,7060.408930000001,7060.408930000001,7060.408930000001,7060.40893,False,True,0xd842cafe7f9d1f13ec590b5796e303d051f34614f0dc538a178c41cabadab500,0x2be50b4634b1b43b746af7cd66c20283552786691f6099a0f8b05158ddaac0cd,False,False,2025-07-28T16:57:49Z,False,False,True,"[{'id': '30172', 'conditionId': '0xb7902810ee1c62b7b56afe9d601b51cee687383384a0e5876c74ac5ac1be836c', 'assetAddress': '0x2791Bca1f2de4661ED88A30C99A7a9449Aa84174', 'rewardsAmount': 0, 'rewardsDailyRate': 2, 'startDate': '2025-07-28', 'endDate': '2500-12-31'}]",100,3.5,0.001,True,-0.0305,,,1.0,,0.001,True,True,,False,False,False,False,"[""proposed"", ""resolved""]",False,False,2025-07-28T16:24:36.184788Z,False,False,False,False,,GDP_GROWTH,GDP_QUARTERLY,GDP_QUARTERLY,7060.40893,0.0,,,,,,,,,,,,,,,,GDP_QUARTERLY
569194,Will US GDP growth in Q2 2025 be between 1.5% and 2.0%?,0x101b66cbe17af9094d5607beecedb27c68545adf5f6e0692da3bbb8cf144b3ce,will-us-gdp-growth-in-q2-2025-be-between-1pt5-and-2pt0,,2025-07-30 00:00:00+00:00,2025-07-28T16:58:11.94378Z,https://polymarket-upload.s3.us-east-2.amazonaws.com/bea.png,https://polymarket-upload.s3.us-east-2.amazonaws.com/bea.png,"This market will resolve according to the seasonally adjusted and annualized GDP ""Advance Estimate"" release for Q2 of 2025 scheduled for July 30, 2025.

If the reported value falls exactly between two brackets, then this market will resolve to the higher range bracket.

The GDP release will be made available here: https://www.bea.gov/data/gdp/gross-domestic-product

Note: data in the first available GDP report is labelled by the BEA as an ""Advance Estimate"". The data found in the advance estimate will be used to resolve this market. Data may be revised during the following quarter or as a part of the next estimate's publication, however any revisions to GDP report data made after the release of the advance estimate will not be considered for this market's resolution.","[""Yes"", ""No""]","[""0"", ""1""]",2641.340573,True,True,,2025-07-28T14:27:45.012843Z,2025-07-31T16:41:04.061138Z,2025-07-30 17:48:05+00,False,False,0x91430CaD2d3975766499717fA0D66A78D814E5c5,False,0x2F5e3684cb1F318ec51b00Edba38d79Ac2c0aA9d,True,1.5-2.0%,1,0xd842cafe7f9d1f13ec590b5796e303d051f34614f0dc538a178c41cabadab501,2025-07-30T17:48:05Z,True,0.001,5,resolved,2641.340573,2025-07-30,2025-07-28,True,2641.340573,2641.340573,2641.340573,"[""54859140880645917740390078234603767630239028077229524505739682112728721771906"", ""114690391891085173285695772050367837837128817991168933123759785979637015518209""]",500,5,2641.340573,2641.340573,2641.340573,2641.340573,False,True,0xd842cafe7f9d1f13ec590b5796e303d051f34614f0dc538a178c41cabadab500,0xad981436c67bd58fc1d24d1d7216f6457d5166c33188040c0ea46b5574446ec4,False,False,2025-07-28T16:57:49Z,False,False,True,"[{'id': '30167', 'conditionId': '0x101b66cbe17af9094d5607beecedb27c68545adf5f6e0692da3bbb8cf144b3ce', 'assetAddress': '0x2791Bca1f2de4661ED88A30C99A7a9449Aa84174', 'rewardsAmount': 0, 'rewardsDailyRate': 2, 'startDate': '2025-07-28', 'endDate': '2500-12-31'}]",100,3.5,0.001,True,-0.1345,,,1.0,,0.001,True,True,,False,False,False,False,"[""proposed"", ""resolved""]",False,False,2025-07-28T16:24:36.40045Z,False,False,False,False,,GDP_GROWTH,GDP_QUARTERLY,GDP_QUARTERLY,2641.340573,0.0,,,,,,,,,,,,,,,,GDP_QUARTERLY
569198,Will US GDP growth in Q2 2025 be greater than 3.5%?,0xcd25bf1d98f51934e7452f11484a436db2975d91c5f2433787a016dffb804aea,will-us-gdp-growth-in-q2-2025-be-greater-than-3pt5,,2025-07-30 00:00:00+00:00,2025-07-28T16:58:14.660713Z,https://polymarket-upload.s3.us-east-2.amazonaws.com/bea.png,https://polymarket-upload.s3.us-east-2.amazonaws.com/bea.png,"This market will resolve according to the seasonally adjusted and annualized GDP ""Advance Estimate"" release for Q2 of 2025 scheduled for July 30, 2025.

If the reported value falls exactly between two brackets, then this market will resolve to the higher range bracket.

The GDP release will be made available here: https://www.bea.gov/data/gdp/gross-domestic-product

Note: data in the first available GDP report is labelled by the BEA as an ""Advance Estimate"". The data found in the advance estimate will be used to resolve this market. Data may be revised during the following quarter or as a part of the next estimate's publication, however any revisions to GDP report data made after the release of the advance estimate will not be considered for this market's resolution.","[""Yes"", ""No""]","[""0"", ""1""]",92231.060623,True,True,,2025-07-28T14:27:47.719767Z,2025-08-16T16:44:41.38896Z,2025-08-15 20:01:44+00,False,False,0x91430CaD2d3975766499717fA0D66A78D814E5c5,False,0x2F5e3684cb1F318ec51b00Edba38d79Ac2c0aA9d,True,>3.5%,5,0xd842cafe7f9d1f13ec590b5796e303d051f34614f0dc538a178c41cabadab505,2025-08-15T20:01:44Z,True,0.001,5,resolved,92231.060623,2025-07-30,2025-07-28,True,50000.0,92231.06062299998,92231.06062299998,"[""19857033189099834795632309513644385748097712023372620166632359036109142354788"", ""12323160224644343010156209413255045144711571803872346572184360948756768739705""]",500,5,50000.0,92231.06062299998,92231.06062299998,92231.060623,False,True,0xd842cafe7f9d1f13ec590b5796e303d051f34614f0dc538a178c41cabadab500,0x211168fdfc621b17ee956f89d4df86fbc37005172c99291c2af5dd1b607305c6,False,False,2025-07-28T16:57:55Z,False,False,True,,100,3.5,0.001,True,,,,1.0,,0.001,True,True,,False,False,False,False,"[""resolved""]",False,False,2025-07-28T16:24:36.807054Z,False,False,False,False,,GDP_GROWTH,GDP_QUARTERLY,GDP_QUARTERLY,92231.060623,0.0,,,,,,,,,,,,,,,,GDP_QUARTERLY
569197,Will US GDP growth in Q2 2025 be between 3.0% and 3.5%?,0x7037e9d87b1db5903dbd547ab9e4f8f580684c1b93e4940aea1d9ecbb18f5709,will-us-gdp-growth-in-q2-2025-be-between-3pt0-and-3pt5,,2025-07-30 00:00:00+00:00,2025-07-28T16:58:15.669973Z,https://polymarket-upload.s3.us-east-2.amazonaws.com/bea.png,https://polymarket-upload.s3.us-east-2.amazonaws.com/bea.png,"This market will resolve according to the seasonally adjusted and annualized GDP ""Advance Estimate"" release for Q2 of 2025 scheduled for July 30, 2025.

If the reported value falls exactly between two brackets, then this market will resolve to the higher range bracket.

The GDP release will be made available here: https://www.bea.gov/data/gdp/gross-domestic-product

Note: data in the first available GDP report is labelled by the BEA as an ""Advance Estimate"". The data found in the advance estimate will be used to resolve this market. Data may be revised during the following quarter or as a part of the next estimate's publication, however any revisions to GDP report data made after the release of the advance estimate will not be considered for this market's resolution.","[""Yes"", ""No""]","[""1"", ""0""]",9786.617317,True,True,,2025-07-28T14:27:46.937902Z,2025-08-01T00:52:27.685012Z,2025-07-30 17:51:07+00,False,False,0x91430CaD2d3975766499717fA0D66A78D814E5c5,False,0x2F5e3684cb1F318ec51b00Edba38d79Ac2c0aA9d,True,3.0-3.5%,4,0xd842cafe7f9d1f13ec590b5796e303d051f34614f0dc538a178c41cabadab504,2025-07-30T17:51:07Z,True,0.001,5,resolved,9786.617317,2025-07-30,2025-07-28,True,9786.617317,9786.617317,9786.617317,"[""40028808445864754739151409239785191664479554682824493143654051860916699706336"", ""33613580722753957457866629961692550772971436322084014562821067269336667527671""]",500,5,9786.617317,9786.617317,9786.617317,9786.617317,False,True,0xd842cafe7f9d1f13ec590b5796e303d051f34614f0dc538a178c41cabadab500,0x4e0cbbb55d977cbb4af6613953ffe20f20455a1ce32f7ba34ad98ecb54f25795,False,False,2025-07-28T16:57:55Z,False,False,True,"[{'id': '30170', 'conditionId': '0x7037e9d87b1db5903dbd547ab9e4f8f580684c1b93e4940aea1d9ecbb18f5709', 'assetAddress': '0x2791Bca1f2de4661ED88A30C99A7a9449Aa84174', 'rewardsAmount': 0, 'rewardsDailyRate': 10, 'startDate': '2025-07-28', 'endDate': '2500-12-31'}]",100,3.5,0.001,True,0.887,,,1.0,0.999,1.0,True,True,,False,False,False,False,"[""proposed"", ""resolved""]",False,False,2025-07-28T16:24:36.747504Z,False,False,False,False,,GDP_GROWTH,GDP_QUARTERLY,GDP_QUARTERLY,9786.617317,0.0,-0.001,,,,,,,,,,,,,,,GDP_QUARTERLY
569196,Will US GDP growth in Q2 2025 be between 2.5% and 3.0%?,0xd8914135e95660d34c471c6787f8445227f90545f9c6d85be7a283460e3db1d5,will-us-gdp-growth-in-q2-2025-be-between-2pt5-and-3pt0,,2025-07-30 00:00:00+00:00,2025-07-28T16:58:14.913114Z,https://polymarket-upload.s3.us-east-2.amazonaws.com/bea.png,https://polymarket-upload.s3.us-east-2.amazonaws.com/bea.png,"This market will resolve according to the seasonally adjusted and annualized GDP ""Advance Estimate"" release for Q2 of 2025 scheduled for July 30, 2025.

If the reported value falls exactly between two brackets, then this market will resolve to the higher range bracket.

The GDP release will be made available here: https://www.bea.gov/data/gdp/gross-domestic-product

Note: data in the first available GDP report is labelled by the BEA as an ""Advance Estimate"". The data found in the advance estimate will be used to resolve this market. Data may be revised during the following quarter or as a part of the next estimate's publication, however any revisions to GDP report data made after the release of the advance estimate will not be considered for this market's resolution.","[""Yes"", ""No""]","[""0"", ""1""]",3806.397422,True,True,,2025-07-28T14:27:46.332827Z,2025-08-01T00:52:32.427965Z,2025-07-30 17:53:05+00,False,False,0x91430CaD2d3975766499717fA0D66A78D814E5c5,False,0x2F5e3684cb1F318ec51b00Edba38d79Ac2c0aA9d,True,2.5-3.0%,3,0xd842cafe7f9d1f13ec590b5796e303d051f34614f0dc538a178c41cabadab503,2025-07-30T17:53:05Z,True,0.001,5,resolved,3806.397422,2025-07-30,2025-07-28,True,3806.397422000001,3806.397422000001,3806.397422000001,"[""38338892172992888623357251210461743745570728599704184431664638950963750620454"", ""32850103257832419185889937642669720963182929528673879477720833755656705390556""]",500,5,3806.397422000001,3806.397422000001,3806.397422000001,3806.397422,False,True,0xd842cafe7f9d1f13ec590b5796e303d051f34614f0dc538a178c41cabadab500,0x161c3f3995b457794b47a42245f2a6b72aea82888b22c80247b66f9592104c53,False,False,2025-07-28T16:57:51Z,False,False,True,"[{'id': '30165', 'conditionId': '0xd8914135e95660d34c471c6787f8445227f90545f9c6d85be7a283460e3db1d5', 'assetAddress': '0x2791Bca1f2de4661ED88A30C99A7a9449Aa84174', 'rewardsAmount': 0, 'rewardsDailyRate': 20, 'startDate': '2025-07-28', 'endDate': '2500-12-31'}]",100,3.5,0.002,True,-0.2585,,,1.0,,0.002,True,True,,False,False,False,False,"[""proposed"", ""resolved""]",False,False,2025-07-28T16:24:36.685955Z,False,False,False,False,,GDP_GROWTH,GDP_QUARTERLY,GDP_QUARTERLY,3806.397422,0.0,-0.0005,,,,,,,,,,,,,,,GDP_QUARTERLY
569195,Will US GDP growth in Q2 2025 be between 2.0% and 2.5%?,0x512b20a4747757bbafb1882e1a02b8f004dfae5eec0bde6c3570a53b80988e61,will-us-gdp-growth-in-q2-2025-be-between-2pt0-and-2pt5,,2025-07-30 00:00:00+00:00,2025-07-28T16:58:12.195763Z,https://polymarket-upload.s3.us-east-2.amazonaws.com/bea.png,https://polymarket-upload.s3.us-east-2.amazonaws.com/bea.png,"This market will resolve according to the seasonally adjusted and annualized GDP ""Advance Estimate"" release for Q2 of 2025 scheduled for July 30, 2025.

If the reported value falls exactly between two brackets, then this market will resolve to the higher range bracket.

The GDP release will be made available here: https://www.bea.gov/data/gdp/gross-domestic-product

Note: data in the first available GDP report is labelled by the BEA as an ""Advance Estimate"". The data found in the advance estimate will be used to resolve this market. Data may be revised during the following quarter or as a part of the next estimate's publication, however any revisions to GDP report data made after the release of the advance estimate will not be considered for this market's resolution.","[""Yes"", ""No""]","[""0"", ""1""]",2898.161192,True,True,,2025-07-28T14:27:45.657326Z,2025-07-31T16:40:57.400327Z,2025-07-30 17:53:59+00,False,False,0x91430CaD2d3975766499717fA0D66A78D814E5c5,False,0x2F5e3684cb1F318ec51b00Edba38d79Ac2c0aA9d,True,2.0-2.5%,2,0xd842cafe7f9d1f13ec590b5796e303d051f34614f0dc538a178c41cabadab502,2025-07-30T17:53:59Z,True,0.001,5,resolved,2898.161192,2025-07-30,2025-07-28,True,2898.161192,2898.161192,2898.161192,"[""111386064606794698175921004079851517952093287105075634757622775121519263914035"", ""18046061168365569593040342947920501571558365046078539496145117060739337636233""]",500,5,2898.161192,2898.161192,2898.161192,2898.161192,False,True,0xd842cafe7f9d1f13ec590b5796e303d051f34614f0dc538a178c41cabadab500,0x8d23e9bf66404998baf9d237d51ef829a9f05f5121791f977bafe0b30e22b51b,False,False,2025-07-28T16:57:49Z,False,False,True,"[{'id': '30168', 'conditionId': '0x512b20a4747757bbafb1882e1a02b8f004dfae5eec0bde6c3570a53b80988e61', 'assetAddress': '0x2791Bca1f2de4661ED88A30C99A7a9449Aa84174', 'rewardsAmount': 0, 'rewardsDailyRate': 10, 'startDate': '2025-07-28', 'endDate': '2500-12-31'}]",100,3.5,0.001,True,-0.4795,,,1.0,,0.001,True,True,,False,False,False,False,"[""proposed"", ""resolved""]",False,False,2025-07-28T16:24:36.559817Z,False,False,False,False,,GDP_GROWTH,GDP_QUARTERLY,GDP_QUARTERLY,2898.161192,0.0,,,,,,,,,,,,,,,,GDP_QUARTERLY
570832,Will US GDP growth in Q3 2025 be between 1.0% and 1.5%?,0xd36df08d015eee49b0ac966b4bc7641d885529925f4f179dc119ea9176e012f9,will-us-gdp-growth-in-q2-2025-be-between-1pt0-and-1pt5,,2025-10-30 00:00:00+00:00,2025-08-01T17:43:32.103Z,https://polymarket-upload.s3.us-east-2.amazonaws.com/bea.png,https://polymarket-upload.s3.us-east-2.amazonaws.com/bea.png,"This market will resolve according to the seasonally adjusted and annualized GDP ""Advance Estimate"" release for Q3 of 2025 scheduled for October 30, 2025.

If the reported value falls exactly between two brackets, then this market will resolve to the higher range bracket.

The GDP release will be made available here: https://www.bea.gov/data/gdp/gross-domestic-product

Note: data in the first available GDP report is labelled by the BEA as an ""Advance Estimate"". The data found in the advance estimate will be used to resolve this market. Data may be revised during the following quarter or as a part of the next estimate's publication, however any revisions to GDP report data made after the release of the advance estimate will not be considered for this market's resolution.","[""Yes"", ""No""]","[""0"", ""1""]",113162.722777,True,True,,2025-08-01T12:54:50.695474Z,2026-01-19T15:26:41.269059Z,2025-12-23 16:39:01+00,False,False,0x91430CaD2d3975766499717fA0D66A78D814E5c5,False,0x2F5e3684cb1F318ec51b00Edba38d79Ac2c0aA9d,True,1.0–1.5%,1,0x1a401e1731ec809615245110fe930a10c766d2a93b6dc6ea7843b122f019ea01,2025-12-23T16:39:01Z,True,0.001,5,resolved,113162.722777,2025-10-30,2025-08-01,True,7055.542107000001,18034.631779000003,113162.72277700005,"[""100678833157560128049756251694929249304978176924662786522786770928748231538097"", ""69600311881537641491854681138385179096788521156335804512114507937809292554612""]",500,5,7055.542107000001,18034.631779000003,113162.72277700005,113162.722777,False,True,0x1a401e1731ec809615245110fe930a10c766d2a93b6dc6ea7843b122f019ea00,0xdada669c76dcc39737625b60641234e3c844748e0b4f47845f36224b56d11f18,False,False,2025-08-01T17:43:10Z,False,False,True,,100,3.5,0.001,True,0.001,-0.0285,-0.0205,1.0,,0.001,True,True,,False,False,False,False,"[""proposed"", ""resolved""]",False,False,2025-08-01T17:41:59.5573Z,False,False,False,False,,GDP_GROWTH,GDP_QUARTERLY,GDP_QUARTERLY,113162.722777,0.0,,2025-11-25 18:00:00+00,,,,,,,,,,,,,,GDP_QUARTERLY
570834,Will US GDP growth in Q3 2025 be between 2.0% and 2.5%?,0x11a704215355775b2f71e6e957375a73c4a4892463f95865b1af853600abe737,will-us-gdp-growth-in-q2-2025-be-between-2pt0-and-2pt5-481,,2025-10-30 00:00:00+00:00,2025-08-01T17:43:36.392Z,https://polymarket-upload.s3.us-east-2.amazonaws.com/bea.png,https://polymarket-upload.s3.us-east-2.amazonaws.com/bea.png,"This market will resolve according to the seasonally adjusted and annualized GDP ""Advance Estimate"" release for Q3 of 2025 scheduled for October 30, 2025.

If the reported value falls exactly between two brackets, then this market will resolve to the higher range bracket.

The GDP release will be made available here: https://www.bea.gov/data/gdp/gross-domestic-product

Note: data in the first available GDP report is labelled by the BEA as an ""Advance Estimate"". The data found in the advance estimate will be used to resolve this market. Data may be revised during the following quarter or as a part of the next estimate's publication, however any revisions to GDP report data made after the release of the advance estimate will not be considered for this market's resolution.","[""Yes"", ""No""]","[""0"", ""1""]",85883.111051,True,True,,2025-08-01T12:54:52.272159Z,2026-01-04T22:43:40.922726Z,2025-12-23 16:39:01+00,False,False,0x91430CaD2d3975766499717fA0D66A78D814E5c5,False,0x2F5e3684cb1F318ec51b00Edba38d79Ac2c0aA9d,True,2.0–2.5%,3,0x1a401e1731ec809615245110fe930a10c766d2a93b6dc6ea7843b122f019ea03,2025-12-23T16:39:01Z,True,0.001,5,resolved,85883.111051,2025-10-30,2025-08-01,True,6289.317937,14789.41114,85883.11105100001,"[""34099932636936296780581170908145896988355877946166705423254233255467566016023"", ""71199949736871593800760202850444155727525661986244515149199145486998266003203""]",500,5,6289.317937,14789.41114,85883.11105100001,85883.111051,False,True,0x1a401e1731ec809615245110fe930a10c766d2a93b6dc6ea7843b122f019ea00,0x8875aaf425560db16559ea6dc61eb8bb3a103b48ab1626ac9072f696a184c472,False,False,2025-08-01T17:43:14Z,False,False,True,,100,3.5,0.001,True,-0.002,-0.0015,0.019,1.0,,0.001,True,True,,False,False,False,False,"[""proposed"", ""resolved""]",False,False,2025-08-01T17:41:59.560533Z,False,False,False,False,,GDP_GROWTH,GDP_QUARTERLY,GDP_QUARTERLY,85883.111051,0.0,,2025-11-25 18:00:00+00,,,,,,,,,,,,,,GDP_QUARTERLY
570837,Will US GDP growth in Q3 2025 be greater than 3.5%?,0x1c72805915588dc639113070bd4d88ef4e2a75a88660e4cfe33228396f220987,will-us-gdp-growth-in-q2-2025-be-greater-than-3pt5-299,,2025-10-30 00:00:00+00:00,2025-08-01T17:43:46.278Z,https://polymarket-upload.s3.us-east-2.amazonaws.com/bea.png,https://polymarket-upload.s3.us-east-2.amazonaws.com/bea.png,"This market will resolve according to the seasonally adjusted and annualized GDP ""Advance Estimate"" release for Q3 of 2025 scheduled for October 30, 2025.

If the reported value falls exactly between two brackets, then this market will resolve to the higher range bracket.

The GDP release will be made available here: https://www.bea.gov/data/gdp/gross-domestic-product

Note: data in the first available GDP report is labelled by the BEA as an ""Advance Estimate"". The data found in the advance estimate will be used to resolve this market. Data may be revised during the following quarter or as a part of the next estimate's publication, however any revisions to GDP report data made after the release of the advance estimate will not be considered for this market's resolution.","[""Yes"", ""No""]","[""1"", ""0""]",121910.973755,True,True,,2025-08-01T12:54:54.571529Z,2026-01-12T16:02:33.20606Z,2025-12-23 16:40:59+00,False,False,0x91430CaD2d3975766499717fA0D66A78D814E5c5,False,0x2F5e3684cb1F318ec51b00Edba38d79Ac2c0aA9d,True,>3.5%,6,0x1a401e1731ec809615245110fe930a10c766d2a93b6dc6ea7843b122f019ea06,2025-12-23T16:40:59Z,True,0.001,5,resolved,121910.973755,2025-10-30,2025-08-01,True,32727.779745,44849.53808700001,121910.97375500004,"[""51397787889861007574966422412954690170622500278690053953286723506095597909582"", ""41976091941437224963538095062927640629244924239108237393067530169162419281186""]",500,5,32727.779745,44849.53808700001,121910.97375500004,121910.973755,False,True,0x1a401e1731ec809615245110fe930a10c766d2a93b6dc6ea7843b122f019ea00,0x1b2f8cea93f08d7e2890fcd430fedb80676c8c3fb9491f0abe9fd74a2bf49b17,False,False,2025-08-01T17:43:24Z,False,False,True,"[{'id': '30794', 'conditionId': '0x1c72805915588dc639113070bd4d88ef4e2a75a88660e4cfe33228396f220987', 'assetAddress': '0x2791Bca1f2de4661ED88A30C99A7a9449Aa84174', 'rewardsAmount': 0, 'rewardsDailyRate': 1, 'startDate': '2025-08-05', 'endDate': '2500-12-31'}]",100,3.5,0.001,True,0.0555,0.0315,-0.2095,1.0,0.999,1.0,True,True,,False,False,False,False,"[""proposed"", ""resolved""]",False,False,2025-08-01T17:41:59.565027Z,False,False,False,False,,GDP_GROWTH,GDP_QUARTERLY,GDP_QUARTERLY,121910.973755,0.0,,2025-11-25 18:00:00+00,,,,,,,,,,,,,,GDP_QUARTERLY
570831,Will US GDP growth in Q3 2025 be less than 1.0%?,0xe19651304fdcf558a7b62dae8b8924b06a067f822e6ffaab5cb354b59652b106,will-us-gdp-growth-in-q2-2025-be-less-than-1pt0,,2025-10-30 00:00:00+00:00,2025-08-01T17:43:32.357Z,https://polymarket-upload.s3.us-east-2.amazonaws.com/bea.png,https://polymarket-upload.s3.us-east-2.amazonaws.com/bea.png,"This market will resolve according to the seasonally adjusted and annualized GDP ""Advance Estimate"" release for Q3 of 2025 scheduled for October 30, 2025.

If the reported value falls exactly between two brackets, then this market will resolve to the higher range bracket.

The GDP release will be made available here: https://www.bea.gov/data/gdp/gross-domestic-product

Note: data in the first available GDP report is labelled by the BEA as an ""Advance Estimate"". The data found in the advance estimate will be used to resolve this market. Data may be revised during the following quarter or as a part of the next estimate's publication, however any revisions to GDP report data made after the release of the advance estimate will not be considered for this market's resolution.","[""Yes"", ""No""]","[""0"", ""1""]",206529.777274,True,True,,2025-08-01T12:54:50.093337Z,2026-01-12T16:02:31.854626Z,2025-12-23 16:37:59+00,False,False,0x91430CaD2d3975766499717fA0D66A78D814E5c5,False,0x2F5e3684cb1F318ec51b00Edba38d79Ac2c0aA9d,True,<1.0%,0,0x1a401e1731ec809615245110fe930a10c766d2a93b6dc6ea7843b122f019ea00,2025-12-23T16:37:59Z,True,0.001,5,resolved,206529.777274,2025-10-30,2025-08-01,True,11779.649045,24882.328534,206529.777274,"[""79756197084902875974372518156349861528844462636347666563630807780369034250323"", ""32955382118847926332863196773734896943780631222991239752810449118543692280960""]",500,5,11779.649045,24882.328534,206529.777274,206529.777274,False,True,0x1a401e1731ec809615245110fe930a10c766d2a93b6dc6ea7843b122f019ea00,0xa95178bc5a689a3cd331be60e5e6acea0c66ba8d70f815944823b5e322e47c92,False,False,2025-08-01T17:43:10Z,False,False,True,,100,3.5,0.001,True,0.0015,-0.016,-0.0085,1.0,,0.001,True,True,,False,False,False,False,"[""proposed"", ""resolved""]",False,False,2025-08-01T17:41:59.554391Z,False,False,False,False,,GDP_GROWTH,GDP_QUARTERLY,GDP_QUARTERLY,206529.777274,0.0,,2025-11-25 18:00:00+00,,,,,,,,,,,,,,GDP_QUARTERLY
570835,Will US GDP growth in Q3 2025 be between 2.5% and 3.0%?,0x0cd53c5a833fa34db56d219593c1e65bafd96ffa6b6067f6ebb69fadcf43b8b3,will-us-gdp-growth-in-q2-2025-be-between-2pt5-and-3pt0-847,,2025-10-30 00:00:00+00:00,2025-08-01T17:43:36.139Z,https://polymarket-upload.s3.us-east-2.amazonaws.com/bea.png,https://polymarket-upload.s3.us-east-2.amazonaws.com/bea.png,"This market will resolve according to the seasonally adjusted and annualized GDP ""Advance Estimate"" release for Q3 of 2025 scheduled for October 30, 2025.

If the reported value falls exactly between two brackets, then this market will resolve to the higher range bracket.

The GDP release will be made available here: https://www.bea.gov/data/gdp/gross-domestic-product

Note: data in the first available GDP report is labelled by the BEA as an ""Advance Estimate"". The data found in the advance estimate will be used to resolve this market. Data may be revised during the following quarter or as a part of the next estimate's publication, however any revisions to GDP report data made after the release of the advance estimate will not be considered for this market's resolution.","[""Yes"", ""No""]","[""0"", ""1""]",74508.665216,True,True,,2025-08-01T12:54:52.958972Z,2026-01-12T16:02:33.255854Z,2025-12-23 16:39:01+00,False,False,0x91430CaD2d3975766499717fA0D66A78D814E5c5,False,0x2F5e3684cb1F318ec51b00Edba38d79Ac2c0aA9d,True,2.5–3.0%,4,0x1a401e1731ec809615245110fe930a10c766d2a93b6dc6ea7843b122f019ea04,2025-12-23T16:39:01Z,True,0.001,5,resolved,74508.665216,2025-10-30,2025-08-01,True,4756.589754,11378.286962000004,74508.66521600007,"[""42083095572497766353379054811299951263896978439575982595859812122606038826307"", ""65198536169941590612352972367622330945185797773573434995521330254717465081565""]",500,5,4756.589754,11378.286962000004,74508.66521600007,74508.665216,False,True,0x1a401e1731ec809615245110fe930a10c766d2a93b6dc6ea7843b122f019ea00,0xf4825df6ecf992d6902882a6832781ad3d8b999a69020e3fd72568caf7c28397,False,False,2025-08-01T17:43:14Z,False,False,True,"[{'id': '30795', 'conditionId': '0x0cd53c5a833fa34db56d219593c1e65bafd96ffa6b6067f6ebb69fadcf43b8b3', 'assetAddress': '0x2791Bca1f2de4661ED88A30C99A7a9449Aa84174', 'rewardsAmount': 0, 'rewardsDailyRate': 2, 'startDate': '2025-08-05', 'endDate': '2500-12-31'}]",100,3.5,0.001,True,-0.002,-0.051,0.0405,1.0,,0.001,True,True,,False,False,False,False,"[""proposed"", ""resolved""]",False,False,2025-08-01T17:41:59.562089Z,False,False,False,False,,GDP_GROWTH,GDP_QUARTERLY,GDP_QUARTERLY,74508.665216,0.0,,2025-11-25 18:00:00+00,,,,,,,,,,,,,,GDP_QUARTERLY
570833,Will US GDP growth in Q3 2025 be between 1.5% and 2.0?,0xdca21a95c1eff6d9dd977d032aa2bec9877d96a725c04cf590613de43e6f6b30,will-us-gdp-growth-in-q2-2025-be-between-1pt5-and-2pt0-777,,2025-10-30 00:00:00+00:00,2025-08-01T17:43:34.012Z,https://polymarket-upload.s3.us-east-2.amazonaws.com/bea.png,https://polymarket-upload.s3.us-east-2.amazonaws.com/bea.png,"This market will resolve according to the seasonally adjusted and annualized GDP ""Advance Estimate"" release for Q3 of 2025 scheduled for October 30, 2025.

If the reported value falls exactly between two brackets, then this market will resolve to the higher range bracket.

The GDP release will be made available here: https://www.bea.gov/data/gdp/gross-domestic-product

Note: data in the first available GDP report is labelled by the BEA as an ""Advance Estimate"". The data found in the advance estimate will be used to resolve this market. Data may be revised during the following quarter or as a part of the next estimate's publication, however any revisions to GDP report data made after the release of the advance estimate will not be considered for this market's resolution.","[""Yes"", ""No""]","[""0"", ""1""]",79795.066829,True,True,,2025-08-01T12:54:51.487246Z,2026-01-04T22:43:40.536225Z,2025-12-23 16:36:57+00,False,False,0x91430CaD2d3975766499717fA0D66A78D814E5c5,False,0x2F5e3684cb1F318ec51b00Edba38d79Ac2c0aA9d,True,1.5–2.0%,2,0x1a401e1731ec809615245110fe930a10c766d2a93b6dc6ea7843b122f019ea02,2025-12-23T16:36:57Z,True,0.001,5,resolved,79795.066829,2025-10-30,2025-08-01,True,3735.789653,17126.927353,79795.066829,"[""73331308386937789618568580311418017345110265134932966932072761698330355802454"", ""80477661214531999530208762850779065762756223166244148431909875666784473194367""]",500,5,3735.789653,17126.927353,79795.066829,79795.066829,False,True,0x1a401e1731ec809615245110fe930a10c766d2a93b6dc6ea7843b122f019ea00,0x0a7b0083479ff702948b9e0bedd5a1a184d34022e81816c689dcb59d4e7afeba,False,False,2025-08-01T17:43:12Z,False,False,True,,100,3.5,0.001,True,-0.008,-0.0295,-0.034,1.0,,0.001,True,True,,False,False,False,False,"[""proposed"", ""resolved""]",False,False,2025-08-01T17:41:59.558573Z,False,False,False,False,,GDP_GROWTH,GDP_QUARTERLY,GDP_QUARTERLY,79795.066829,0.0,,2025-11-25 18:00:00+00,,,,,,,,,,,,,,GDP_QUARTERLY
570836,Will US GDP growth in Q3 2025 be between 3.0% and 3.5%?,0x82d046bdd7aa14261cc0cce710eb7dd127dc32a3a819c88696c8706dc5b4dd23,will-us-gdp-growth-in-q2-2025-be-between-3pt0-and-3pt5-533,,2025-10-30 00:00:00+00:00,2025-08-01T17:43:38.152Z,https://polymarket-upload.s3.us-east-2.amazonaws.com/bea.png,https://polymarket-upload.s3.us-east-2.amazonaws.com/bea.png,"This market will resolve according to the seasonally adjusted and annualized GDP ""Advance Estimate"" release for Q3 of 2025 scheduled for October 30, 2025.

If the reported value falls exactly between two brackets, then this market will resolve to the higher range bracket.

The GDP release will be made available here: https://www.bea.gov/data/gdp/gross-domestic-product

Note: data in the first available GDP report is labelled by the BEA as an ""Advance Estimate"". The data found in the advance estimate will be used to resolve this market. Data may be revised during the following quarter or as a part of the next estimate's publication, however any revisions to GDP report data made after the release of the advance estimate will not be considered for this market's resolution.","[""Yes"", ""No""]","[""0"", ""1""]",82750.764786,True,True,,2025-08-01T12:54:53.722432Z,2026-01-12T16:02:32.273738Z,2025-12-23 16:40:59+00,False,False,0x91430CaD2d3975766499717fA0D66A78D814E5c5,False,0x2F5e3684cb1F318ec51b00Edba38d79Ac2c0aA9d,True,3.0–3.5%,5,0x1a401e1731ec809615245110fe930a10c766d2a93b6dc6ea7843b122f019ea05,2025-12-23T16:40:59Z,True,0.001,5,resolved,82750.764786,2025-10-30,2025-08-01,True,4314.473752999999,10461.44134,82750.76478600001,"[""96617501849901253342416312851547116311193694111739432383593943074736796975295"", ""107461127619346617086555060475777958540003824374441902194296416286011947181385""]",500,5,4314.473752999999,10461.44134,82750.76478600001,82750.764786,False,True,0x1a401e1731ec809615245110fe930a10c766d2a93b6dc6ea7843b122f019ea00,0x13ef1b69bccb6328f908abbfeb1da7685b46b32bf3f5de0613fd1ba9ed979b4b,False,False,2025-08-01T17:43:16Z,False,False,True,"[{'id': '30796', 'conditionId': '0x82d046bdd7aa14261cc0cce710eb7dd127dc32a3a819c88696c8706dc5b4dd23', 'assetAddress': '0x2791Bca1f2de4661ED88A30C99A7a9449Aa84174', 'rewardsAmount': 0, 'rewardsDailyRate': 5, 'startDate': '2025-08-05', 'endDate': '2500-12-31'}]",100,3.5,0.001,True,-0.006,-0.0135,0.156,1.0,,0.001,True,True,,False,False,False,False,"[""proposed"", ""resolved""]",False,False,2025-08-01T17:41:59.563886Z,False,False,False,False,,GDP_GROWTH,GDP_QUARTERLY,GDP_QUARTERLY,82750.764786,0.0,,2025-11-25 18:00:00+00,,,,,,,,,,,,,,GDP_QUARTERLY
654423,Will US GDP growth in Q4 2025 be less than 1.0%?,0x5726b84c330e995ea638bbfb4b7a4b580d7334bdc708697eaf0d94c8eb3d8fb3,will-us-gdp-growth-in-q4-2025-be-less-than-1pt0,,2026-01-29 00:00:00+00:00,2025-10-29T19:01:02.883Z,https://polymarket-upload.s3.us-east-2.amazonaws.com/bea.png,https://polymarket-upload.s3.us-east-2.amazonaws.com/bea.png,"This market will resolve according to the seasonally adjusted and annualized GDP ""Advance Estimate"" release for Q4 of 2025, scheduled for January 29, 2026.

If the reported value falls exactly between two brackets, then this market will resolve to the higher range bracket.

The GDP release will be made available here: https://www.bea.gov/data/gdp/gross-domestic-product

Note: data in the first available GDP report is labelled by the BEA as an ""Advance Estimate"". The data found in the advance estimate will be used to resolve this market. Data may be revised during the following quarter or as a part of the next estimate's publication, however any revisions to GDP report data made after the release of the advance estimate will not be considered for this market's resolution.","[""Yes"", ""No""]","[""0"", ""1""]",60194.902786,True,True,,2025-10-28T21:10:38.516513Z,2026-02-21T16:25:39.678943Z,2026-02-20 17:50:16+00,False,False,0x91430CaD2d3975766499717fA0D66A78D814E5c5,False,0x2F5e3684cb1F318ec51b00Edba38d79Ac2c0aA9d,True,<1.0%,0,0xf79136d87be0d7307a66a8976885833b9ccf5a1ec12180531667c59edbb62d00,2026-02-20T17:50:16Z,True,0.001,5,resolved,60194.902786,2026-01-29,2025-10-29,True,10428.034591,25940.330588,60194.90278599996,"[""108109840601795668533298198209526209639420920608144596056834106701952879117953"", ""64219528296972376798061598982601122600500565795058638684900516112537386695719""]",500,5,10428.034591,25940.330588,60194.90278599996,60194.902786,False,True,0xf79136d87be0d7307a66a8976885833b9ccf5a1ec12180531667c59edbb62d00,0x8e4559a1485f27da8fc9eb61a50f1ceb839a6262e0b8e6074d8be70b4d07a65a,False,False,2025-10-29T19:00:41Z,False,False,True,,20,3.5,0.001,True,-0.0105,-0.016,-0.014,0.001,,0.001,True,True,,False,False,False,False,"[""proposed"", ""resolved""]",False,False,2025-10-29T18:56:37.300183Z,False,False,False,False,,GDP_GROWTH,GDP_QUARTERLY,GDP_QUARTERLY,60194.902786,0.0,,2025-11-25 18:00:00+00,,,,,,,,,,,,,,GDP_QUARTERLY
654424,Will US GDP growth in Q4 2025 be between 1.0% and 1.5%?,0xb4b2a29f631589d2ffaa318c3a0ad4e10685601c788a72dbd27b4b893a15f35e,will-us-gdp-growth-in-q4-2025-be-between-1pt0-and-1pt5,,2026-01-29 00:00:00+00:00,2025-10-29T19:01:03.482Z,https://polymarket-upload.s3.us-east-2.amazonaws.com/bea.png,https://polymarket-upload.s3.us-east-2.amazonaws.com/bea.png,"This market will resolve according to the seasonally adjusted and annualized GDP ""Advance Estimate"" release for Q4 of 2025, scheduled for January 29, 2026.

If the reported value falls exactly between two brackets, then this market will resolve to the higher range bracket.

The GDP release will be made available here: https://www.bea.gov/data/gdp/gross-domestic-product

Note: data in the first available GDP report is labelled by the BEA as an ""Advance Estimate"". The data found in the advance estimate will be used to resolve this market. Data may be revised during the following quarter or as a part of the next estimate's publication, however any revisions to GDP report data made after the release of the advance estimate will not be considered for this market's resolution.","[""Yes"", ""No""]","[""1"", ""0""]",51027.729301,True,True,,2025-10-28T21:10:39.049742Z,2026-02-22T00:27:25.654978Z,2026-02-20 17:50:16+00,False,False,0x91430CaD2d3975766499717fA0D66A78D814E5c5,False,0x2F5e3684cb1F318ec51b00Edba38d79Ac2c0aA9d,True,1.0–1.5%,1,0xf79136d87be0d7307a66a8976885833b9ccf5a1ec12180531667c59edbb62d01,2026-02-20T17:50:16Z,True,0.001,5,resolved,51027.729301,2026-01-29,2025-10-29,True,27108.08955,32828.635317,51027.72930100001,"[""30562286811855700035900993712827264386249573536460884445334907437246451703247"", ""96896245767690798911922412593822187944702560703078903355658494424664696834021""]",500,5,27108.08955,32828.635317,51027.72930100001,51027.729301,False,True,0xf79136d87be0d7307a66a8976885833b9ccf5a1ec12180531667c59edbb62d00,0xa9ccb0ffa34d2f2884d1e5756384f6f500d56ad3179a34dbaa2c381b047ddb9c,False,False,2025-10-29T19:00:41Z,False,False,True,,20,3.5,0.001,True,0.9345,0.98,0.9955,0.999,0.999,1.0,True,True,,False,False,False,False,"[""proposed"", ""resolved""]",False,False,2025-10-29T18:56:37.302103Z,False,False,False,False,,GDP_GROWTH,GDP_QUARTERLY,GDP_QUARTERLY,51027.729301,0.0,,2025-11-25 18:00:00+00,,,,,,,,,,,,,,GDP_QUARTERLY
654425,Will US GDP growth in Q4 2025 be between 1.5% and 2.0%?,0x54ee81d959b52711cbef37fb26ed617c1aed90d8043a10f8800dcec6839ca846,will-us-gdp-growth-in-q4-2025-be-between-1pt5-and-2pt0,,2026-01-29 00:00:00+00:00,2025-10-29T19:01:03.201Z,https://polymarket-upload.s3.us-east-2.amazonaws.com/bea.png,https://polymarket-upload.s3.us-east-2.amazonaws.com/bea.png,"This market will resolve according to the seasonally adjusted and annualized GDP ""Advance Estimate"" release for Q4 of 2025, scheduled for January 29, 2026.

If the reported value falls exactly between two brackets, then this market will resolve to the higher range bracket.

The GDP release will be made available here: https://www.bea.gov/data/gdp/gross-domestic-product

Note: data in the first available GDP report is labelled by the BEA as an ""Advance Estimate"". The data found in the advance estimate will be used to resolve this market. Data may be revised during the following quarter or as a part of the next estimate's publication, however any revisions to GDP report data made after the release of the advance estimate will not be considered for this market's resolution.","[""Yes"", ""No""]","[""0"", ""1""]",48421.863967,True,True,,2025-10-28T21:10:39.665481Z,2026-02-21T16:25:39.226967Z,2026-02-20 17:50:20+00,False,False,0x91430CaD2d3975766499717fA0D66A78D814E5c5,False,0x2F5e3684cb1F318ec51b00Edba38d79Ac2c0aA9d,True,1.5–2.0%,2,0xf79136d87be0d7307a66a8976885833b9ccf5a1ec12180531667c59edbb62d02,2026-02-20T17:50:20Z,True,0.001,5,resolved,48421.863967,2026-01-29,2025-10-29,True,19186.812754,34139.01726499999,48421.86396700002,"[""1041038790334709164776836936604244352070959549679439959110908925224906154504"", ""38507540028678003044145512403125289150954569430468067846710242760318130520462""]",500,5,19186.812754,34139.01726499999,48421.86396700002,48421.863967,False,True,0xf79136d87be0d7307a66a8976885833b9ccf5a1ec12180531667c59edbb62d00,0x60dcd163493b521ff3a657aeaf49fd60f5cb8b574aef722d7847a36043ff3f44,False,False,2025-10-29T19:00:41Z,False,False,True,,50,4.5,0.001,True,-0.079,-0.0655,-0.0445,0.001,,0.001,True,True,,False,False,False,False,"[""proposed"", ""resolved""]",False,False,2025-10-29T18:56:37.304601Z,False,False,False,False,,GDP_GROWTH,GDP_QUARTERLY,GDP_QUARTERLY,48421.863967,0.0,,2025-11-25 18:00:00+00,,,,,,,,,,,,,,GDP_QUARTERLY
654429,Will US GDP growth in Q4 2025 be greater than 3.5%?,0xa0c6605b583595e3f1d722bd3c5be9fd33a9d31f39f8aeba1fca718e0e70bf8b,will-us-gdp-growth-in-q4-2025-be-greater-than-3pt5,,2026-01-29 00:00:00+00:00,2025-10-29T19:01:05.758Z,https://polymarket-upload.s3.us-east-2.amazonaws.com/bea.png,https://polymarket-upload.s3.us-east-2.amazonaws.com/bea.png,"This market will resolve according to the seasonally adjusted and annualized GDP ""Advance Estimate"" release for Q4 of 2025, scheduled for January 29, 2026.

If the reported value falls exactly between two brackets, then this market will resolve to the higher range bracket.

The GDP release will be made available here: https://www.bea.gov/data/gdp/gross-domestic-product

Note: data in the first available GDP report is labelled by the BEA as an ""Advance Estimate"". The data found in the advance estimate will be used to resolve this market. Data may be revised during the following quarter or as a part of the next estimate's publication, however any revisions to GDP report data made after the release of the advance estimate will not be considered for this market's resolution.","[""Yes"", ""No""]","[""0"", ""1""]",193052.65602,True,True,,2025-10-28T21:10:41.876294Z,2026-02-22T00:27:25.236918Z,2026-02-20 17:50:20+00,False,False,0x91430CaD2d3975766499717fA0D66A78D814E5c5,False,0x2F5e3684cb1F318ec51b00Edba38d79Ac2c0aA9d,True,>3.5%,6,0xf79136d87be0d7307a66a8976885833b9ccf5a1ec12180531667c59edbb62d06,2026-02-20T17:50:20Z,True,0.001,5,resolved,193052.65602,2026-01-29,2025-10-29,True,23137.51537100001,80284.95037200002,193052.65602000008,"[""54680412531366307006412039119846609057746833459452699789103723102102621060411"", ""20080638766892461882700766779027158827365562310839279482127131217784193046585""]",500,5,23137.51537100001,80284.95037200002,193052.65602000008,193052.65602,False,True,0xf79136d87be0d7307a66a8976885833b9ccf5a1ec12180531667c59edbb62d00,0x6c3bd240e9e0eb38dfec01a317a7379711f214ed280e78cf56dafe26ce691a99,False,False,2025-10-29T19:00:43Z,False,False,True,,50,4.5,0.001,True,-0.1745,-0.3645,-0.6745,0.001,,0.001,True,True,,False,False,False,False,"[""proposed"", ""resolved""]",False,False,2025-10-29T18:56:37.312249Z,False,False,False,False,,GDP_GROWTH,GDP_QUARTERLY,GDP_QUARTERLY,193052.65602,0.0,,2025-11-25 18:00:00+00,,,,,,,,,,,,,,GDP_QUARTERLY
654428,Will US GDP growth in Q4 2025 be between 3.0% and 3.5%?,0xf36f70ba24c9b0e0b8d3816cfeb8b8343f2cd57c38eaffda6fcaa897ac2144c9,will-us-gdp-growth-in-q4-2025-be-between-3pt0-and-3pt5,,2026-01-29 00:00:00+00:00,2025-10-29T19:01:06.012Z,https://polymarket-upload.s3.us-east-2.amazonaws.com/bea.png,https://polymarket-upload.s3.us-east-2.amazonaws.com/bea.png,"This market will resolve according to the seasonally adjusted and annualized GDP ""Advance Estimate"" release for Q4 of 2025, scheduled for January 29, 2026.

If the reported value falls exactly between two brackets, then this market will resolve to the higher range bracket.

The GDP release will be made available here: https://www.bea.gov/data/gdp/gross-domestic-product

Note: data in the first available GDP report is labelled by the BEA as an ""Advance Estimate"". The data found in the advance estimate will be used to resolve this market. Data may be revised during the following quarter or as a part of the next estimate's publication, however any revisions to GDP report data made after the release of the advance estimate will not be considered for this market's resolution.","[""Yes"", ""No""]","[""0"", ""1""]",37366.398023,True,True,,2025-10-28T21:10:41.210892Z,2026-02-21T16:25:42.466777Z,2026-02-20 17:50:16+00,False,False,0x91430CaD2d3975766499717fA0D66A78D814E5c5,False,0x2F5e3684cb1F318ec51b00Edba38d79Ac2c0aA9d,True,3.0–3.5%,5,0xf79136d87be0d7307a66a8976885833b9ccf5a1ec12180531667c59edbb62d05,2026-02-20T17:50:16Z,True,0.001,5,resolved,37366.398023,2026-01-29,2025-10-29,True,11077.403231000002,13474.454414000002,37366.39802299997,"[""108257272430122135280419956220074999273962996588297256824541952787168506122134"", ""43550076949870386994873464823518476157559954294116487024300986259687151722061""]",500,5,11077.403231000002,13474.454414000002,37366.39802299997,37366.398023,False,True,0xf79136d87be0d7307a66a8976885833b9ccf5a1ec12180531667c59edbb62d00,0x760dc9527de43b77a881ce27435ecb4bec61b283a273734e9a10e64357f8bf44,False,False,2025-10-29T19:00:43Z,False,False,True,,50,4.5,0.001,True,-0.34,-0.1935,-0.1165,0.001,,0.001,True,True,,False,False,False,False,"[""proposed"", ""resolved""]",False,False,2025-10-29T18:56:37.31081Z,False,False,False,False,,GDP_GROWTH,GDP_QUARTERLY,GDP_QUARTERLY,37366.398023,0.0,,2025-11-25 18:00:00+00,,,,,,,,,,,,,,GDP_QUARTERLY
654426,Will US GDP growth in Q4 2025 be between 2.0% and 2.5%?,0xe50896651decb1916a4182ed827434daf9935faf8cf9cf03415f5b8a6cdf40a5,will-us-gdp-growth-in-q4-2025-be-between-2pt0-and-2pt5,,2026-01-29 00:00:00+00:00,2025-10-29T19:01:05.5Z,https://polymarket-upload.s3.us-east-2.amazonaws.com/bea.png,https://polymarket-upload.s3.us-east-2.amazonaws.com/bea.png,"This market will resolve according to the seasonally adjusted and annualized GDP ""Advance Estimate"" release for Q4 of 2025, scheduled for January 29, 2026.

If the reported value falls exactly between two brackets, then this market will resolve to the higher range bracket.

The GDP release will be made available here: https://www.bea.gov/data/gdp/gross-domestic-product

Note: data in the first available GDP report is labelled by the BEA as an ""Advance Estimate"". The data found in the advance estimate will be used to resolve this market. Data may be revised during the following quarter or as a part of the next estimate's publication, however any revisions to GDP report data made after the release of the advance estimate will not be considered for this market's resolution.","[""Yes"", ""No""]","[""0"", ""1""]",31825.22326,True,True,,2025-10-28T21:10:40.165864Z,2026-02-22T00:27:25.127437Z,2026-02-20 17:51:10+00,False,False,0x91430CaD2d3975766499717fA0D66A78D814E5c5,False,0x2F5e3684cb1F318ec51b00Edba38d79Ac2c0aA9d,True,2.0–2.5%,3,0xf79136d87be0d7307a66a8976885833b9ccf5a1ec12180531667c59edbb62d03,2026-02-20T17:51:10Z,True,0.001,5,resolved,31825.22326,2026-01-29,2025-10-29,True,9761.535463,15643.227704999998,31825.22326,"[""109904554056935272169730378752283666222957145423330594737040772648673696893983"", ""107213129314994162369466519069442472096992908321148518360730893902512384640918""]",500,5,9761.535463,15643.227704999998,31825.22326,31825.22326,False,True,0xf79136d87be0d7307a66a8976885833b9ccf5a1ec12180531667c59edbb62d00,0x07f7c11229bb77cfc5d7e735acc0dcc12a5ccf765e1cc85917ad6bdfeb447b49,False,False,2025-10-29T19:00:43Z,False,False,True,,50,4.5,0.001,True,-0.1215,-0.1125,-0.0795,0.001,,0.001,True,True,,False,False,False,False,"[""proposed"", ""resolved""]",False,False,2025-10-29T18:56:37.306484Z,False,False,False,False,,GDP_GROWTH,GDP_QUARTERLY,GDP_QUARTERLY,31825.22326,0.0,,2025-11-25 18:00:00+00,,,,,,,,,,,,,,GDP_QUARTERLY
654427,Will US GDP growth in Q4 2025 be between 2.5% and 3.0%?,0x7c23eb43f7aeca2ed64186ea1b8269d61ab53c564911b91b2808b51d85d5db8b,will-us-gdp-growth-in-q4-2025-be-between-2pt5-and-3pt0,,2026-01-29 00:00:00+00:00,2025-10-29T19:01:05.246Z,https://polymarket-upload.s3.us-east-2.amazonaws.com/bea.png,https://polymarket-upload.s3.us-east-2.amazonaws.com/bea.png,"This market will resolve according to the seasonally adjusted and annualized GDP ""Advance Estimate"" release for Q4 of 2025, scheduled for January 29, 2026.

If the reported value falls exactly between two brackets, then this market will resolve to the higher range bracket.

The GDP release will be made available here: https://www.bea.gov/data/gdp/gross-domestic-product

Note: data in the first available GDP report is labelled by the BEA as an ""Advance Estimate"". The data found in the advance estimate will be used to resolve this market. Data may be revised during the following quarter or as a part of the next estimate's publication, however any revisions to GDP report data made after the release of the advance estimate will not be considered for this market's resolution.","[""Yes"", ""No""]","[""0"", ""1""]",33496.337083,True,True,,2025-10-28T21:10:40.663213Z,2026-02-21T16:25:39.24366Z,2026-02-20 17:50:18+00,False,False,0x91430CaD2d3975766499717fA0D66A78D814E5c5,False,0x2F5e3684cb1F318ec51b00Edba38d79Ac2c0aA9d,True,2.5–3.0%,4,0xf79136d87be0d7307a66a8976885833b9ccf5a1ec12180531667c59edbb62d04,2026-02-20T17:50:18Z,True,0.001,5,resolved,33496.337083,2026-01-29,2025-10-29,True,4497.995046,10005.418161999996,33496.33708299998,"[""60265216351447494075409855233645057033695673889295492647790321229267332701037"", ""40311997486726154938549761692445082498681864705261859926517976378652430030261""]",500,5,4497.995046,10005.418161999996,33496.33708299998,33496.337083,False,True,0xf79136d87be0d7307a66a8976885833b9ccf5a1ec12180531667c59edbb62d00,0xb435d79c0a54fa782173c7f422c13092035db05a34e6322e717dba4d3570e8e4,False,False,2025-10-29T19:00:43Z,False,False,True,,50,4.5,0.001,True,-0.2725,-0.225,-0.0775,0.001,,0.001,True,True,,False,False,False,False,"[""proposed"", ""resolved""]",False,False,2025-10-29T18:56:37.308354Z,False,False,False,False,,GDP_GROWTH,GDP_QUARTERLY,GDP_QUARTERLY,33496.337083,0.0,,2025-11-25 18:00:00+00,,,,,,,,,,,,,,GDP_QUARTERLY
1006076,Will US GDP growth in Q1 2026 be between 2.0% and 2.5%?,0x0535dc9983df3f59fb2aec1f0ea770507dfb58514643142e335c06f0edace923,will-us-gdp-growth-in-q1-2026-be-between-2pt0-and-2pt5,,2026-04-30 00:00:00+00:00,2025-12-23T23:02:15.532411Z,https://polymarket-upload.s3.us-east-2.amazonaws.com/bea.png,https://polymarket-upload.s3.us-east-2.amazonaws.com/bea.png,"This market will resolve according to the seasonally adjusted and annualized GDP ""Advance Estimate"" release for Q1 of 2026, scheduled for April 30, 2026.

If the reported value falls exactly between two brackets, then this market will resolve to the higher range bracket.

The GDP release will be made available here: https://www.bea.gov/data/gdp/gross-domestic-product

Note: data in the first available GDP report is labelled by the BEA as an ""Advance Estimate"". The data found in the advance estimate will be used to resolve this market. Data may be revised during the following quarter or as a part of the next estimate's publication, however any revisions to GDP report data made after the release of the advance estimate will not be considered for this market's resolution.

If the advance estimate is not released, this market will resolve based on the first officially published figure for real GDP for the specified quarter (e.g., the ‘second’ or ‘third’ estimate, etc.), as reported by the BEA. If no official estimate is released by the date the next quarter's advanced estimate is scheduled to be published, this market will resolve based on the most recent previous figure released by the BEA.","[""Yes"", ""No""]","[""0.144"", ""0.856""]",32536.662169999978,True,False,,2025-12-23T19:19:00.915449Z,2026-04-06T15:52:27.504903Z,,False,False,0x91430CaD2d3975766499717fA0D66A78D814E5c5,False,0x2F5e3684cb1F318ec51b00Edba38d79Ac2c0aA9d,True,2.0–2.5%,3,0x74fe0ee4b4b71f603dd34606e7fb171baf44e513711cb139f99db16acd863f03,,True,0.001,5,,32536.662169999978,2026-04-30,2025-12-23,True,,,,"[""62741540586810785796611679100995722865508821499319734929274882283929330917217"", ""72070466351937050071025317465495808068208294483994620947333987378762813779330""]",500,5,,,,32536.662169999978,True,True,0x74fe0ee4b4b71f603dd34606e7fb171baf44e513711cb139f99db16acd863f00,0x3df721b97dcfd1b50ced1c75a2c7b929ffe42e672bd5bfc900d45a75d2874eb2,False,False,2025-12-23T23:01:53Z,False,False,True,"[{'id': '100906', 'conditionId': '0x0535dc9983df3f59fb2aec1f0ea770507dfb58514643142e335c06f0edace923', 'assetAddress': '0x2791Bca1f2de4661ED88A30C99A7a9449Aa84174', 'rewardsAmount': 0, 'rewardsDailyRate': 0.001, 'startDate': '2026-03-12', 'endDate': '2500-12-31'}]",20,3.5,0.058,,-0.011,-0.141,0.004,0.147,0.115,0.173,True,True,,False,False,False,False,[],False,False,2025-12-23T22:42:07.899308Z,False,False,False,False,,GDP_GROWTH,GDP_QUARTERLY,GDP_QUARTERLY,32536.662169999978,0.0,,,2264.84786,2264.84786,,,2264.84786,0.8875193479217847,,,,,,,,GDP_QUARTERLY
1006073,Will US GDP growth in Q1 2026 be less than 1.0%?,0xbf7d903a72d0450260093c13010a773f138ca61cfd3e9a7022ef058c255fb79a,will-us-gdp-growth-in-q1-2026-be-less-than-1pt0,,2026-04-30 00:00:00+00:00,2025-12-23T23:02:10.953332Z,https://polymarket-upload.s3.us-east-2.amazonaws.com/bea.png,https://polymarket-upload.s3.us-east-2.amazonaws.com/bea.png,"This market will resolve according to the seasonally adjusted and annualized GDP ""Advance Estimate"" release for Q1 of 2026, scheduled for April 30, 2026.

If the reported value falls exactly between two brackets, then this market will resolve to the higher range bracket.

The GDP release will be made available here: https://www.bea.gov/data/gdp/gross-domestic-product

Note: data in the first available GDP report is labelled by the BEA as an ""Advance Estimate"". The data found in the advance estimate will be used to resolve this market. Data may be revised during the following quarter or as a part of the next estimate's publication, however any revisions to GDP report data made after the release of the advance estimate will not be considered for this market's resolution.

If the advance estimate is not released, this market will resolve based on the first officially published figure for real GDP for the specified quarter (e.g., the ‘second’ or ‘third’ estimate, etc.), as reported by the BEA. If no official estimate is released by the date the next quarter's advanced estimate is scheduled to be published, this market will resolve based on the most recent previous figure released by the BEA.","[""Yes"", ""No""]","[""0.079"", ""0.921""]",23142.003029000007,True,False,,2025-12-23T19:18:59.223164Z,2026-04-06T15:52:03.864208Z,,False,False,0x91430CaD2d3975766499717fA0D66A78D814E5c5,False,0x2F5e3684cb1F318ec51b00Edba38d79Ac2c0aA9d,True,<1.0%,0,0x74fe0ee4b4b71f603dd34606e7fb171baf44e513711cb139f99db16acd863f00,,True,0.001,5,,23142.003029000007,2026-04-30,2025-12-23,True,1869.982294,16039.538336999987,23142.003029000003,"[""25390561232626097563943253274844960304736612225523955854268640501555880822189"", ""44745666790147483483102925265486873423985910293323974146050111716317129269328""]",500,5,1869.982294,16039.538336999987,23142.003029000003,23142.003029000007,True,True,0x74fe0ee4b4b71f603dd34606e7fb171baf44e513711cb139f99db16acd863f00,0x0a229aad6170a5db2b8b130696b6d7329eea109a7184198e7ffee99bb9fb6b13,False,False,2025-12-23T23:01:49Z,False,False,True,"[{'id': '92506', 'conditionId': '0xbf7d903a72d0450260093c13010a773f138ca61cfd3e9a7022ef058c255fb79a', 'assetAddress': '0x2791Bca1f2de4661ED88A30C99A7a9449Aa84174', 'rewardsAmount': 0, 'rewardsDailyRate': 0.001, 'startDate': '2026-03-04', 'endDate': '2500-12-31'}]",20,3.5,0.028,,-0.011,-0.0315,-0.1385,0.074,0.065,0.093,True,True,,False,False,False,False,[],False,False,2025-12-23T22:42:07.892572Z,False,False,False,False,,GDP_GROWTH,GDP_QUARTERLY,GDP_QUARTERLY,23142.003029000007,0.0,-0.0065,,4597.51777,4597.51777,67.30863,67.30863,4597.51777,0.8494437417657047,,,,,,,,GDP_QUARTERLY
1006075,Will US GDP growth in Q1 2026 be between 1.5% and 2.0%?,0x574893d630a2d42f13f16cb22871a678a7346ec0ab480100646e66e0f3e70f36,will-us-gdp-growth-in-q1-2026-be-between-1pt5-and-2pt0,,2026-04-30 00:00:00+00:00,2025-12-23T23:02:13.035753Z,https://polymarket-upload.s3.us-east-2.amazonaws.com/bea.png,https://polymarket-upload.s3.us-east-2.amazonaws.com/bea.png,"This market will resolve according to the seasonally adjusted and annualized GDP ""Advance Estimate"" release for Q1 of 2026, scheduled for April 30, 2026.

If the reported value falls exactly between two brackets, then this market will resolve to the higher range bracket.

The GDP release will be made available here: https://www.bea.gov/data/gdp/gross-domestic-product

Note: data in the first available GDP report is labelled by the BEA as an ""Advance Estimate"". The data found in the advance estimate will be used to resolve this market. Data may be revised during the following quarter or as a part of the next estimate's publication, however any revisions to GDP report data made after the release of the advance estimate will not be considered for this market's resolution.

If the advance estimate is not released, this market will resolve based on the first officially published figure for real GDP for the specified quarter (e.g., the ‘second’ or ‘third’ estimate, etc.), as reported by the BEA. If no official estimate is released by the date the next quarter's advanced estimate is scheduled to be published, this market will resolve based on the most recent previous figure released by the BEA.","[""Yes"", ""No""]","[""0.1525"", ""0.8475""]",15755.115145999996,True,False,,2025-12-23T19:19:00.369095Z,2026-04-06T15:52:25.892226Z,,False,False,0x91430CaD2d3975766499717fA0D66A78D814E5c5,False,0x2F5e3684cb1F318ec51b00Edba38d79Ac2c0aA9d,True,1.5–2.0%,2,0x74fe0ee4b4b71f603dd34606e7fb171baf44e513711cb139f99db16acd863f02,,True,0.001,5,,15755.115145999996,2026-04-30,2025-12-23,True,2028.453035,10698.060246000005,15755.115146,"[""4308123005073980664178400109363914397836898263852913629995172670320641056496"", ""14606350934279165148995924069985049428222806454814983832628075764205972537326""]",500,5,2028.453035,10698.060246000005,15755.115146,15755.115145999996,True,True,0x74fe0ee4b4b71f603dd34606e7fb171baf44e513711cb139f99db16acd863f00,0x20a80192b5f3ebf347d7fa02ff826507996ca3f98919c070f6bd530e121f4090,False,False,2025-12-23T23:01:51Z,False,False,True,"[{'id': '99965', 'conditionId': '0x574893d630a2d42f13f16cb22871a678a7346ec0ab480100646e66e0f3e70f36', 'assetAddress': '0x2791Bca1f2de4661ED88A30C99A7a9449Aa84174', 'rewardsAmount': 0, 'rewardsDailyRate': 0.001, 'startDate': '2026-03-11', 'endDate': '2500-12-31'}]",20,3.5,0.045,,-0.0115,0.02,-0.0175,0.13,0.13,0.175,True,True,,False,False,False,False,[],False,False,2025-12-23T22:42:07.89744Z,False,False,False,False,,GDP_GROWTH,GDP_QUARTERLY,GDP_QUARTERLY,15755.115145999996,0.0,0.0015,,1853.86259,1853.86259,149.12197600000002,149.12197600000002,1853.86259,0.8922546717896956,,,,,,,,GDP_QUARTERLY
1006077,Will US GDP growth in Q1 2026 be between 2.5% and 3.0%?,0x97cd691b804fac9b04a67ba9b3c0f813b49b330059f8d2a9c0415da8ceb12e41,will-us-gdp-growth-in-q1-2026-be-between-2pt5-and-3pt0,,2026-04-30 00:00:00+00:00,2025-12-23T23:02:15.278473Z,https://polymarket-upload.s3.us-east-2.amazonaws.com/bea.png,https://polymarket-upload.s3.us-east-2.amazonaws.com/bea.png,"This market will resolve according to the seasonally adjusted and annualized GDP ""Advance Estimate"" release for Q1 of 2026, scheduled for April 30, 2026.

If the reported value falls exactly between two brackets, then this market will resolve to the higher range bracket.

The GDP release will be made available here: https://www.bea.gov/data/gdp/gross-domestic-product

Note: data in the first available GDP report is labelled by the BEA as an ""Advance Estimate"". The data found in the advance estimate will be used to resolve this market. Data may be revised during the following quarter or as a part of the next estimate's publication, however any revisions to GDP report data made after the release of the advance estimate will not be considered for this market's resolution.

If the advance estimate is not released, this market will resolve based on the first officially published figure for real GDP for the specified quarter (e.g., the ‘second’ or ‘third’ estimate, etc.), as reported by the BEA. If no official estimate is released by the date the next quarter's advanced estimate is scheduled to be published, this market will resolve based on the most recent previous figure released by the BEA.","[""Yes"", ""No""]","[""0.215"", ""0.785""]",14198.434911999992,True,False,,2025-12-23T19:19:01.437036Z,2026-04-06T15:51:35.00584Z,,False,False,0x91430CaD2d3975766499717fA0D66A78D814E5c5,False,0x2F5e3684cb1F318ec51b00Edba38d79Ac2c0aA9d,True,2.5–3.0%,4,0x74fe0ee4b4b71f603dd34606e7fb171baf44e513711cb139f99db16acd863f04,,True,0.001,5,,14198.434911999992,2026-04-30,2025-12-23,True,,,,"[""68506853364364663519695058075680145988303468158608666604565985477228965972050"", ""102700011633198620937727392877418767357871549962848664591821473632337291331728""]",500,5,,,,14198.434911999992,True,True,0x74fe0ee4b4b71f603dd34606e7fb171baf44e513711cb139f99db16acd863f00,0xab1a850bc40b2d0f2bb762943a8fe8b3a3b7ef4c2fe29186973f762c43003570,False,False,2025-12-23T23:01:53Z,False,False,True,"[{'id': '100114', 'conditionId': '0x97cd691b804fac9b04a67ba9b3c0f813b49b330059f8d2a9c0415da8ceb12e41', 'assetAddress': '0x2791Bca1f2de4661ED88A30C99A7a9449Aa84174', 'rewardsAmount': 0, 'rewardsDailyRate': 0.001, 'startDate': '2026-03-11', 'endDate': '2500-12-31'}]",20,3.5,0.07,,-0.0035,-0.012,0.0845,0.236,0.18,0.25,True,True,,False,False,False,False,[],False,False,2025-12-23T22:42:07.902517Z,False,False,False,False,,GDP_GROWTH,GDP_QUARTERLY,GDP_QUARTERLY,14198.434911999992,0.0,-0.003,,2157.03822,2157.03822,,,2157.03822,0.9248768757659136,,,,,,,,GDP_QUARTERLY
1006079,Will US GDP growth in Q1 2026 be greater than 3.5%?,0x05260e1c44dc94aadd963c29e0005618d4b9975db01f0883e01455c729a04cf1,will-us-gdp-growth-in-q1-2026-be-greater-than-3pt5,,2026-04-30 00:00:00+00:00,2025-12-23T23:02:17.297296Z,https://polymarket-upload.s3.us-east-2.amazonaws.com/bea.png,https://polymarket-upload.s3.us-east-2.amazonaws.com/bea.png,"This market will resolve according to the seasonally adjusted and annualized GDP ""Advance Estimate"" release for Q1 of 2026, scheduled for April 30, 2026.

If the reported value falls exactly between two brackets, then this market will resolve to the higher range bracket.

The GDP release will be made available here: https://www.bea.gov/data/gdp/gross-domestic-product

Note: data in the first available GDP report is labelled by the BEA as an ""Advance Estimate"". The data found in the advance estimate will be used to resolve this market. Data may be revised during the following quarter or as a part of the next estimate's publication, however any revisions to GDP report data made after the release of the advance estimate will not be considered for this market's resolution.

If the advance estimate is not released, this market will resolve based on the first officially published figure for real GDP for the specified quarter (e.g., the ‘second’ or ‘third’ estimate, etc.), as reported by the BEA. If no official estimate is released by the date the next quarter's advanced estimate is scheduled to be published, this market will resolve based on the most recent previous figure released by the BEA.","[""Yes"", ""No""]","[""0.115"", ""0.885""]",70760.020672,True,False,,2025-12-23T19:19:02.460808Z,2026-04-06T15:52:32.012038Z,,False,False,0x91430CaD2d3975766499717fA0D66A78D814E5c5,False,0x2F5e3684cb1F318ec51b00Edba38d79Ac2c0aA9d,True,≥3.5%,6,0x74fe0ee4b4b71f603dd34606e7fb171baf44e513711cb139f99db16acd863f06,,True,0.01,5,,70760.020672,2026-04-30,2025-12-23,True,1661.00357,20208.121941,70760.020672,"[""92985525812362612584509867415467136703806461559766436088829522319853733528272"", ""27446872789153049108489766152164671022306224335034702728935660909231056910488""]",500,5,1661.00357,20208.121941,70760.020672,70760.020672,True,True,0x74fe0ee4b4b71f603dd34606e7fb171baf44e513711cb139f99db16acd863f00,0x6b6d3942945603f59f2122198c04d3403589e7ae6fb220a4bf140010d1f203cf,False,False,2025-12-23T23:01:55Z,False,False,True,,20,3.5,0.05,,,-0.005,-0.075,0.1,0.09,0.14,True,True,,False,False,False,False,[],False,False,2025-12-23T22:42:07.954003Z,False,False,False,False,,GDP_GROWTH,GDP_QUARTERLY,GDP_QUARTERLY,70760.020672,0.0,,,2129.4894,2129.4894,191.23,191.23,2129.4894,0.8709094471902284,,,,,,,,GDP_QUARTERLY
1006074,Will US GDP growth in Q1 2026 be between 1.0% and 1.5%?,0x3e7559e591b2e26807d62516c35d2065576ffb23a94d57db0bdce887767249d6,will-us-gdp-growth-in-q1-2026-be-between-1pt0-and-1pt5,,2026-04-30 00:00:00+00:00,2025-12-23T23:02:11.715694Z,https://polymarket-upload.s3.us-east-2.amazonaws.com/bea.png,https://polymarket-upload.s3.us-east-2.amazonaws.com/bea.png,"This market will resolve according to the seasonally adjusted and annualized GDP ""Advance Estimate"" release for Q1 of 2026, scheduled for April 30, 2026.

If the reported value falls exactly between two brackets, then this market will resolve to the higher range bracket.

The GDP release will be made available here: https://www.bea.gov/data/gdp/gross-domestic-product

Note: data in the first available GDP report is labelled by the BEA as an ""Advance Estimate"". The data found in the advance estimate will be used to resolve this market. Data may be revised during the following quarter or as a part of the next estimate's publication, however any revisions to GDP report data made after the release of the advance estimate will not be considered for this market's resolution.

If the advance estimate is not released, this market will resolve based on the first officially published figure for real GDP for the specified quarter (e.g., the ‘second’ or ‘third’ estimate, etc.), as reported by the BEA. If no official estimate is released by the date the next quarter's advanced estimate is scheduled to be published, this market will resolve based on the most recent previous figure released by the BEA.","[""Yes"", ""No""]","[""0.129"", ""0.871""]",5179.644233999999,True,False,,2025-12-23T19:18:59.79235Z,2026-04-06T15:52:12.815639Z,,False,False,0x91430CaD2d3975766499717fA0D66A78D814E5c5,False,0x2F5e3684cb1F318ec51b00Edba38d79Ac2c0aA9d,True,1.0–1.5%,1,0x74fe0ee4b4b71f603dd34606e7fb171baf44e513711cb139f99db16acd863f01,,True,0.001,5,,5179.644233999999,2026-04-30,2025-12-23,True,,,,"[""76166318607448739120397461324463958137448578261884289535483817031186102931379"", ""12382710472556453063692052732196770949895472196987250399453175777527226749512""]",500,5,,,,5179.644233999999,True,True,0x74fe0ee4b4b71f603dd34606e7fb171baf44e513711cb139f99db16acd863f00,0xbe0cdfd70132105dce4ce0a5589467a57ef9a424969a07c047b06b83b34a04f6,False,False,2025-12-23T23:01:49Z,False,False,True,,20,3.5,0.116,,-0.002,0.0275,,0.15,0.071,0.187,True,True,,False,False,False,False,[],False,False,2025-12-23T22:42:07.895197Z,False,False,False,False,,GDP_GROWTH,GDP_QUARTERLY,GDP_QUARTERLY,5179.644233999999,0.0,,,1734.33598,1734.33598,,,1734.33598,0.8790119202806509,,,,,,,,GDP_QUARTERLY
1006078,Will US GDP growth in Q1 2026 be between 3.0% and 3.5%?,0x174f4f8447b716603444fc4df4ff9b0dfc3cb29ef74dfacb6cdee6ff98cbf54c,will-us-gdp-growth-in-q1-2026-be-between-3pt0-and-3pt5,,2026-04-30 00:00:00+00:00,2025-12-23T23:02:15.023187Z,https://polymarket-upload.s3.us-east-2.amazonaws.com/bea.png,https://polymarket-upload.s3.us-east-2.amazonaws.com/bea.png,"This market will resolve according to the seasonally adjusted and annualized GDP ""Advance Estimate"" release for Q1 of 2026, scheduled for April 30, 2026.

If the reported value falls exactly between two brackets, then this market will resolve to the higher range bracket.

The GDP release will be made available here: https://www.bea.gov/data/gdp/gross-domestic-product

Note: data in the first available GDP report is labelled by the BEA as an ""Advance Estimate"". The data found in the advance estimate will be used to resolve this market. Data may be revised during the following quarter or as a part of the next estimate's publication, however any revisions to GDP report data made after the release of the advance estimate will not be considered for this market's resolution.

If the advance estimate is not released, this market will resolve based on the first officially published figure for real GDP for the specified quarter (e.g., the ‘second’ or ‘third’ estimate, etc.), as reported by the BEA. If no official estimate is released by the date the next quarter's advanced estimate is scheduled to be published, this market will resolve based on the most recent previous figure released by the BEA.","[""Yes"", ""No""]","[""0.215"", ""0.785""]",74700.82517600004,True,False,,2025-12-23T19:19:01.940757Z,2026-04-06T15:52:15.271516Z,,False,False,0x91430CaD2d3975766499717fA0D66A78D814E5c5,False,0x2F5e3684cb1F318ec51b00Edba38d79Ac2c0aA9d,True,3.0–3.5%,5,0x74fe0ee4b4b71f603dd34606e7fb171baf44e513711cb139f99db16acd863f05,,True,0.01,5,,74700.82517600004,2026-04-30,2025-12-23,True,,,,"[""63947883959641335451072695790413962116558082302037547590881092469642743516211"", ""41614991701871020344796945767107485930030446263861944599908381884165143531""]",500,5,,,,74700.82517600004,True,True,0x74fe0ee4b4b71f603dd34606e7fb171baf44e513711cb139f99db16acd863f00,0x65ec5af4eb0e867f26289945cfe15d8061812b452493c4d8a4dd7f311054e2c9,False,False,2025-12-23T23:01:53Z,False,False,True,"[{'id': '100929', 'conditionId': '0x174f4f8447b716603444fc4df4ff9b0dfc3cb29ef74dfacb6cdee6ff98cbf54c', 'assetAddress': '0x2791Bca1f2de4661ED88A30C99A7a9449Aa84174', 'rewardsAmount': 0, 'rewardsDailyRate': 0.001, 'startDate': '2026-03-12', 'endDate': '2500-12-31'}]",20,3.5,0.05,,-0.005,0.04,0.105,0.2,0.19,0.24,True,True,,False,False,False,False,[],False,False,2025-12-23T22:42:07.950844Z,False,False,False,False,,GDP_GROWTH,GDP_QUARTERLY,GDP_QUARTERLY,74700.82517600004,0.0,,,2407.3006,2407.3006,,,2407.3006,0.9248768757659136,,,,,,,,GDP_QUARTERLY
